Date,IWV
02-Jan-02,63.790
03-Jan-02,64.480
04-Jan-02,64.860
07-Jan-02,64.390
08-Jan-02,64.200
09-Jan-02,63.980
10-Jan-02,63.950
11-Jan-02,63.490
14-Jan-02,63.000
15-Jan-02,63.200
16-Jan-02,62.480
17-Jan-02,63.050
18-Jan-02,62.490
22-Jan-02,61.990
23-Jan-02,62.420
24-Jan-02,62.650
25-Jan-02,62.740
28-Jan-02,62.660
29-Jan-02,61.280
30-Jan-02,61.770
31-Jan-02,62.490
01-Feb-02,62.300
04-Feb-02,60.750
05-Feb-02,60.520
06-Feb-02,60.180
07-Feb-02,60.120
08-Feb-02,60.840
11-Feb-02,61.560
12-Feb-02,61.430
13-Feb-02,62.030
14-Feb-02,61.970
15-Feb-02,61.240
19-Feb-02,60.070
20-Feb-02,60.930
21-Feb-02,60.030
22-Feb-02,60.440
25-Feb-02,61.390
26-Feb-02,61.600
27-Feb-02,61.580
28-Feb-02,61.410
01-Mar-02,62.830
04-Mar-02,63.980
05-Mar-02,63.740
06-Mar-02,64.630
07-Mar-02,64.290
08-Mar-02,64.600
11-Mar-02,64.790
12-Mar-02,64.570
13-Mar-02,63.960
14-Mar-02,64.030
15-Mar-02,64.640
18-Mar-02,64.720
19-Mar-02,65.000
20-Mar-02,64.000
21-Mar-02,64.110
22-Mar-02,63.930
25-Mar-02,63.000
26-Mar-02,63.410
27-Mar-02,63.740
28-Mar-02,63.700
01-Apr-02,63.790
02-Apr-02,63.420
03-Apr-02,62.570
04-Apr-02,62.660
05-Apr-02,62.630
08-Apr-02,62.670
09-Apr-02,62.400
10-Apr-02,63.170
11-Apr-02,61.650
12-Apr-02,62.210
15-Apr-02,61.800
16-Apr-02,63.130
17-Apr-02,63.000
18-Apr-02,62.960
19-Apr-02,62.950
22-Apr-02,62.050
23-Apr-02,61.680
24-Apr-02,61.280
25-Apr-02,61.280
26-Apr-02,60.510
29-Apr-02,59.850
30-Apr-02,60.520
01-May-02,61.050
02-May-02,60.650
03-May-02,60.280
06-May-02,59.160
07-May-02,58.760
08-May-02,60.970
09-May-02,60.200
10-May-02,59.250
13-May-02,60.250
14-May-02,61.600
15-May-02,61.370
16-May-02,61.450
17-May-02,62.020
20-May-02,61.290
21-May-02,60.500
22-May-02,60.710
23-May-02,61.420
24-May-02,60.700
28-May-02,60.300
29-May-02,59.960
30-May-02,59.770
31-May-02,59.810
03-Jun-02,58.270
04-Jun-02,58.400
05-Jun-02,58.850
06-Jun-02,57.650
07-Jun-02,57.750
10-Jun-02,57.790
11-Jun-02,56.940
12-Jun-02,57.130
13-Jun-02,56.600
14-Jun-02,56.340
17-Jun-02,57.800
18-Jun-02,57.860
19-Jun-02,57.100
20-Jun-02,56.200
21-Jun-02,55.160
24-Jun-02,55.430
25-Jun-02,54.510
26-Jun-02,54.340
27-Jun-02,55.160
28-Jun-02,55.120
01-Jul-02,54.070
02-Jul-02,52.870
03-Jul-02,52.950
05-Jul-02,54.680
08-Jul-02,54.400
09-Jul-02,53.010
10-Jul-02,51.320
11-Jul-02,51.750
12-Jul-02,51.350
15-Jul-02,51.000
16-Jul-02,50.460
17-Jul-02,50.900
18-Jul-02,49.370
19-Jul-02,47.400
22-Jul-02,46.220
23-Jul-02,45.000
24-Jul-02,47.210
25-Jul-02,47.290
26-Jul-02,47.670
29-Jul-02,50.350
30-Jul-02,50.500
31-Jul-02,50.680
01-Aug-02,49.540
02-Aug-02,48.360
05-Aug-02,46.650
06-Aug-02,48.350
07-Aug-02,49.240
08-Aug-02,50.700
09-Aug-02,50.840
12-Aug-02,50.600
13-Aug-02,49.570
14-Aug-02,51.160
15-Aug-02,51.950
16-Aug-02,51.900
19-Aug-02,53.060
20-Aug-02,52.360
21-Aug-02,52.940
22-Aug-02,53.720
23-Aug-02,52.540
26-Aug-02,52.950
27-Aug-02,52.230
28-Aug-02,51.100
29-Aug-02,51.370
30-Aug-02,51.150
03-Sep-02,49.050
04-Sep-02,49.940
05-Sep-02,49.280
06-Sep-02,50.030
09-Sep-02,50.550
10-Sep-02,50.990
11-Sep-02,50.930
12-Sep-02,49.650
13-Sep-02,49.500
16-Sep-02,49.500
17-Sep-02,48.500
18-Sep-02,48.040
19-Sep-02,46.940
20-Sep-02,46.850
23-Sep-02,46.580
24-Sep-02,45.650
25-Sep-02,46.680
26-Sep-02,47.430
27-Sep-02,46.140
30-Sep-02,45.310
01-Oct-02,47.160
02-Oct-02,46.050
03-Oct-02,45.660
04-Oct-02,44.600
07-Oct-02,43.540
08-Oct-02,44.500
09-Oct-02,43.000
10-Oct-02,44.400
11-Oct-02,46.110
14-Oct-02,46.630
15-Oct-02,48.900
16-Oct-02,47.440
17-Oct-02,48.700
18-Oct-02,48.820
21-Oct-02,49.820
22-Oct-02,49.250
23-Oct-02,49.540
24-Oct-02,48.780
25-Oct-02,49.720
28-Oct-02,49.150
29-Oct-02,48.910
30-Oct-02,49.520
31-Oct-02,49.040
01-Nov-02,49.900
04-Nov-02,50.350
05-Nov-02,50.800
06-Nov-02,51.480
07-Nov-02,50.050
08-Nov-02,49.680
11-Nov-02,48.650
12-Nov-02,48.930
13-Nov-02,49.020
14-Nov-02,50.150
15-Nov-02,50.500
18-Nov-02,50.000
19-Nov-02,49.800
20-Nov-02,50.700
21-Nov-02,51.940
22-Nov-02,51.800
25-Nov-02,51.990
26-Nov-02,50.770
27-Nov-02,52.210
29-Nov-02,51.990
02-Dec-02,52.000
03-Dec-02,51.300
04-Dec-02,51.000
05-Dec-02,50.590
06-Dec-02,50.750
09-Dec-02,49.630
10-Dec-02,50.310
11-Dec-02,50.380
12-Dec-02,50.260
13-Dec-02,49.360
16-Dec-02,50.450
17-Dec-02,50.140
18-Dec-02,49.510
19-Dec-02,49.180
20-Dec-02,49.840
23-Dec-02,49.900
24-Dec-02,49.650
26-Dec-02,49.350
27-Dec-02,48.600
30-Dec-02,48.860
31-Dec-02,48.960
02-Jan-03,50.570
03-Jan-03,50.600
06-Jan-03,51.490
07-Jan-03,51.280
08-Jan-03,50.580
09-Jan-03,51.350
10-Jan-03,51.510
13-Jan-03,51.490
14-Jan-03,51.700
15-Jan-03,51.100
16-Jan-03,50.800
17-Jan-03,50.350
21-Jan-03,49.410
22-Jan-03,48.880
23-Jan-03,49.400
24-Jan-03,47.900
27-Jan-03,47.130
28-Jan-03,47.860
29-Jan-03,48.100
30-Jan-03,47.120
31-Jan-03,47.750
03-Feb-03,47.840
04-Feb-03,47.300
05-Feb-03,47.240
06-Feb-03,46.790
07-Feb-03,46.340
10-Feb-03,46.700
11-Feb-03,46.310
12-Feb-03,45.750
13-Feb-03,45.550
14-Feb-03,46.510
18-Feb-03,47.250
19-Feb-03,46.930
20-Feb-03,46.650
21-Feb-03,47.180
24-Feb-03,46.480
25-Feb-03,46.770
26-Feb-03,46.200
27-Feb-03,46.740
28-Feb-03,47.000
03-Mar-03,46.460
04-Mar-03,46.000
05-Mar-03,46.320
06-Mar-03,45.980
07-Mar-03,46.050
10-Mar-03,45.040
11-Mar-03,44.620
12-Mar-03,44.790
13-Mar-03,46.340
14-Mar-03,46.360
17-Mar-03,47.950
18-Mar-03,48.100
19-Mar-03,48.500
20-Mar-03,48.650
21-Mar-03,49.700
24-Mar-03,48.100
25-Mar-03,48.650
26-Mar-03,48.420
27-Mar-03,48.430
28-Mar-03,48.170
31-Mar-03,47.300
01-Apr-03,47.760
02-Apr-03,49.050
03-Apr-03,48.800
04-Apr-03,48.940
07-Apr-03,48.900
08-Apr-03,48.880
09-Apr-03,48.310
10-Apr-03,48.410
11-Apr-03,48.320
14-Apr-03,49.190
15-Apr-03,49.590
16-Apr-03,48.930
17-Apr-03,49.600
21-Apr-03,49.700
22-Apr-03,50.630
23-Apr-03,51.060
24-Apr-03,50.690
25-Apr-03,50.080
28-Apr-03,50.850
29-Apr-03,51.150
30-Apr-03,51.090
01-May-03,51.080
02-May-03,51.800
05-May-03,51.730
06-May-03,52.110
07-May-03,51.990
08-May-03,51.490
09-May-03,52.140
12-May-03,52.820
13-May-03,52.680
14-May-03,52.560
15-May-03,52.930
16-May-03,52.830
19-May-03,51.600
20-May-03,51.480
21-May-03,51.650
22-May-03,52.140
23-May-03,52.310
27-May-03,53.350
28-May-03,53.470
29-May-03,53.230
30-May-03,54.250
02-Jun-03,54.420
03-Jun-03,54.520
04-Jun-03,55.470
05-Jun-03,55.770
06-Jun-03,55.550
09-Jun-03,54.850
10-Jun-03,55.200
11-Jun-03,55.980
12-Jun-03,56.140
13-Jun-03,55.320
16-Jun-03,56.580
17-Jun-03,56.520
18-Jun-03,56.460
19-Jun-03,55.710
20-Jun-03,55.650
23-Jun-03,54.890
24-Jun-03,54.940
25-Jun-03,54.600
26-Jun-03,55.280
27-Jun-03,54.860
30-Jun-03,54.590
01-Jul-03,55.150
02-Jul-03,55.790
03-Jul-03,55.460
07-Jul-03,56.420
08-Jul-03,56.790
09-Jul-03,56.520
10-Jul-03,55.730
11-Jul-03,56.250
14-Jul-03,56.640
15-Jul-03,56.430
16-Jul-03,56.000
17-Jul-03,55.280
18-Jul-03,55.880
21-Jul-03,55.020
22-Jul-03,55.440
23-Jul-03,55.700
24-Jul-03,55.400
25-Jul-03,56.210
28-Jul-03,56.210
29-Jul-03,55.800
30-Jul-03,55.690
31-Jul-03,55.910
01-Aug-03,55.270
04-Aug-03,55.410
05-Aug-03,54.440
06-Aug-03,54.520
07-Aug-03,54.800
08-Aug-03,55.020
11-Aug-03,55.150
12-Aug-03,55.750
13-Aug-03,55.480
14-Aug-03,55.820
15-Aug-03,55.900
18-Aug-03,56.390
19-Aug-03,56.630
20-Aug-03,56.580
21-Aug-03,56.860
22-Aug-03,56.150
25-Aug-03,56.200
26-Aug-03,56.340
27-Aug-03,56.500
28-Aug-03,56.910
29-Aug-03,57.040
02-Sep-03,57.990
03-Sep-03,58.180
04-Sep-03,58.360
05-Sep-03,58.030
08-Sep-03,58.590
09-Sep-03,58.200
10-Sep-03,57.250
11-Sep-03,57.690
12-Sep-03,57.700
15-Sep-03,57.450
16-Sep-03,58.310
17-Sep-03,58.100
18-Sep-03,58.860
19-Sep-03,58.700
22-Sep-03,57.840
23-Sep-03,58.200
24-Sep-03,57.100
25-Sep-03,56.780
26-Sep-03,56.360
29-Sep-03,56.880
30-Sep-03,56.350
01-Oct-03,57.540
02-Oct-03,57.740
03-Oct-03,58.240
06-Oct-03,58.560
07-Oct-03,58.900
08-Oct-03,58.610
09-Oct-03,58.840
10-Oct-03,58.900
13-Oct-03,59.380
14-Oct-03,59.530
15-Oct-03,59.480
16-Oct-03,59.600
17-Oct-03,58.950
20-Oct-03,59.070
21-Oct-03,59.220
22-Oct-03,58.490
23-Oct-03,58.540
24-Oct-03,58.350
27-Oct-03,58.440
28-Oct-03,59.520
29-Oct-03,59.550
30-Oct-03,59.430
31-Oct-03,59.630
03-Nov-03,60.270
04-Nov-03,60.050
05-Nov-03,60.030
06-Nov-03,60.310
07-Nov-03,60.030
10-Nov-03,59.720
11-Nov-03,59.600
12-Nov-03,60.420
13-Nov-03,60.460
14-Nov-03,59.900
17-Nov-03,59.460
18-Nov-03,58.830
19-Nov-03,59.380
20-Nov-03,59.030
21-Nov-03,59.090
24-Nov-03,60.110
25-Nov-03,60.270
26-Nov-03,60.400
28-Nov-03,60.600
01-Dec-03,61.250
02-Dec-03,61.160
03-Dec-03,60.970
04-Dec-03,61.120
05-Dec-03,60.620
08-Dec-03,61.100
09-Dec-03,60.430
10-Dec-03,60.280
11-Dec-03,61.120
12-Dec-03,60.950
15-Dec-03,60.500
16-Dec-03,60.910
17-Dec-03,60.990
18-Dec-03,61.620
19-Dec-03,61.730
22-Dec-03,61.850
23-Dec-03,62.100
24-Dec-03,61.980
26-Dec-03,62.100
29-Dec-03,62.980
30-Dec-03,63.000
31-Dec-03,62.960
02-Jan-04,62.740
05-Jan-04,63.640
06-Jan-04,63.770
07-Jan-04,63.880
08-Jan-04,64.070
09-Jan-04,63.830
12-Jan-04,64.170
13-Jan-04,63.860
14-Jan-04,64.420
15-Jan-04,64.390
16-Jan-04,64.840
20-Jan-04,64.950
21-Jan-04,65.250
22-Jan-04,65.140
23-Jan-04,64.950
26-Jan-04,65.750
27-Jan-04,65.030
28-Jan-04,64.320
29-Jan-04,64.320
30-Jan-04,64.190
02-Feb-04,64.500
03-Feb-04,64.530
04-Feb-04,63.970
05-Feb-04,64.050
06-Feb-04,64.920
09-Feb-04,64.880
10-Feb-04,65.150
11-Feb-04,65.720
12-Feb-04,65.590
13-Feb-04,65.220
17-Feb-04,65.840
18-Feb-04,65.480
19-Feb-04,65.150
20-Feb-04,64.910
23-Feb-04,64.640
24-Feb-04,64.630
25-Feb-04,64.960
26-Feb-04,65.160
27-Feb-04,65.190
01-Mar-04,65.860
02-Mar-04,65.520
03-Mar-04,65.600
04-Mar-04,65.830
05-Mar-04,65.950
08-Mar-04,65.500
09-Mar-04,64.960
10-Mar-04,64.000
11-Mar-04,63.100
12-Mar-04,64.030
15-Mar-04,63.040
16-Mar-04,63.370
17-Mar-04,64.010
18-Mar-04,64.000
19-Mar-04,63.360
22-Mar-04,62.490
23-Mar-04,62.370
24-Mar-04,62.290
25-Mar-04,63.270
26-Mar-04,63.010
29-Mar-04,63.760
30-Mar-04,64.160
31-Mar-04,64.170
01-Apr-04,64.550
02-Apr-04,65.010
05-Apr-04,65.460
06-Apr-04,65.330
07-Apr-04,65.060
08-Apr-04,64.980
12-Apr-04,65.230
13-Apr-04,64.270
14-Apr-04,64.110
15-Apr-04,64.060
16-Apr-04,64.480
19-Apr-04,64.500
20-Apr-04,63.500
21-Apr-04,63.890
22-Apr-04,64.790
23-Apr-04,64.840
26-Apr-04,64.520
27-Apr-04,64.750
28-Apr-04,63.780
29-Apr-04,63.330
30-Apr-04,62.800
03-May-04,63.450
04-May-04,63.600
05-May-04,63.800
06-May-04,63.250
07-May-04,62.200
10-May-04,61.390
11-May-04,62.130
12-May-04,62.200
13-May-04,62.130
14-May-04,62.100
17-May-04,61.360
18-May-04,61.860
19-May-04,61.780
20-May-04,61.770
21-May-04,62.040
24-May-04,62.210
25-May-04,63.220
26-May-04,63.380
27-May-04,63.860
28-May-04,63.740
01-Jun-04,63.780
02-Jun-04,64.070
03-Jun-04,63.570
04-Jun-04,63.840
07-Jun-04,64.770
08-Jun-04,64.850
09-Jun-04,64.160
10-Jun-04,64.450
14-Jun-04,63.850
15-Jun-04,64.310
16-Jun-04,64.350
17-Jun-04,64.210
18-Jun-04,64.410
21-Jun-04,64.210
22-Jun-04,64.430
23-Jun-04,65.030
24-Jun-04,64.860
25-Jun-04,64.500
28-Jun-04,64.320
29-Jun-04,64.410
30-Jun-04,64.760
01-Jul-04,64.000
02-Jul-04,63.920
06-Jul-04,63.250
07-Jul-04,63.430
08-Jul-04,62.890
09-Jul-04,63.030
12-Jul-04,63.130
13-Jul-04,63.180
14-Jul-04,62.980
15-Jul-04,62.590
16-Jul-04,62.420
19-Jul-04,62.380
20-Jul-04,62.800
21-Jul-04,61.940
22-Jul-04,62.000
23-Jul-04,61.450
26-Jul-04,61.230
27-Jul-04,61.940
28-Jul-04,62.040
29-Jul-04,62.130
30-Jul-04,62.400
02-Aug-04,62.600
03-Aug-04,62.190
04-Aug-04,62.060
05-Aug-04,61.090
06-Aug-04,60.100
09-Aug-04,60.150
10-Aug-04,60.800
11-Aug-04,60.670
12-Aug-04,60.130
13-Aug-04,60.060
16-Aug-04,60.950
17-Aug-04,61.160
18-Aug-04,61.890
19-Aug-04,61.710
20-Aug-04,62.270
23-Aug-04,62.130
24-Aug-04,62.080
25-Aug-04,62.600
26-Aug-04,62.680
27-Aug-04,62.820
30-Aug-04,62.250
31-Aug-04,62.530
01-Sep-04,62.710
02-Sep-04,63.390
03-Sep-04,63.230
07-Sep-04,63.570
08-Sep-04,63.400
09-Sep-04,63.550
10-Sep-04,63.900
13-Sep-04,64.030
14-Sep-04,64.100
15-Sep-04,63.710
16-Sep-04,63.960
17-Sep-04,64.210
20-Sep-04,63.870
21-Sep-04,64.300
22-Sep-04,63.340
23-Sep-04,63.170
24-Sep-04,62.980
27-Sep-04,62.510
28-Sep-04,62.960
29-Sep-04,63.240
30-Sep-04,63.200
01-Oct-04,64.040
04-Oct-04,64.470
05-Oct-04,64.490
06-Oct-04,64.890
07-Oct-04,64.220
08-Oct-04,63.780
11-Oct-04,63.870
12-Oct-04,63.840
13-Oct-04,63.260
14-Oct-04,62.740
15-Oct-04,62.970
18-Oct-04,63.260
19-Oct-04,62.690
20-Oct-04,62.720
21-Oct-04,62.950
22-Oct-04,62.400
25-Oct-04,62.350
26-Oct-04,63.150
27-Oct-04,64.120
28-Oct-04,64.180
29-Oct-04,64.240
01-Nov-04,64.400
02-Nov-04,64.410
03-Nov-04,65.130
04-Nov-04,65.970
05-Nov-04,66.370
08-Nov-04,66.280
09-Nov-04,66.380
10-Nov-04,66.400
11-Nov-04,66.930
12-Nov-04,67.500
15-Nov-04,67.530
16-Nov-04,67.210
17-Nov-04,67.430
18-Nov-04,67.600
19-Nov-04,66.760
22-Nov-04,67.250
23-Nov-04,67.340
24-Nov-04,67.670
26-Nov-04,67.620
29-Nov-04,67.450
30-Nov-04,67.300
01-Dec-04,68.260
02-Dec-04,68.170
03-Dec-04,68.240
06-Dec-04,68.240
07-Dec-04,67.482
08-Dec-04,67.760
09-Dec-04,68.050
10-Dec-04,68.140
13-Dec-04,68.690
14-Dec-04,69.040
15-Dec-04,69.160
16-Dec-04,68.980
17-Dec-04,68.730
20-Dec-04,68.530
21-Dec-04,69.170
22-Dec-04,69.350
23-Dec-04,69.060
27-Dec-04,68.750
28-Dec-04,69.210
29-Dec-04,69.290
30-Dec-04,69.300
31-Dec-04,69.150
03-Jan-05,68.490
04-Jan-05,67.640
05-Jan-05,67.230
06-Jan-05,67.490
07-Jan-05,67.430
10-Jan-05,67.600
11-Jan-05,67.200
12-Jan-05,67.450
13-Jan-05,66.990
14-Jan-05,67.450
18-Jan-05,68.090
19-Jan-05,67.380
20-Jan-05,66.940
21-Jan-05,66.570
24-Jan-05,66.240
25-Jan-05,66.420
26-Jan-05,66.960
27-Jan-05,66.950
28-Jan-05,66.690
31-Jan-05,67.270
01-Feb-05,67.880
02-Feb-05,68.130
03-Feb-05,67.830
04-Feb-05,68.700
07-Feb-05,68.660
08-Feb-05,68.670
09-Feb-05,68.060
10-Feb-05,68.280
11-Feb-05,68.880
14-Feb-05,68.800
15-Feb-05,69.050
16-Feb-05,69.100
17-Feb-05,68.830
18-Feb-05,68.680
22-Feb-05,67.550
23-Feb-05,68.060
24-Feb-05,68.470
25-Feb-05,69.320
28-Feb-05,68.850
01-Mar-05,69.190
02-Mar-05,69.310
03-Mar-05,69.310
04-Mar-05,69.910
07-Mar-05,70.110
08-Mar-05,69.780
09-Mar-05,69.020
10-Mar-05,69.020
11-Mar-05,68.700
14-Mar-05,69.180
15-Mar-05,68.720
16-Mar-05,68.110
17-Mar-05,68.180
18-Mar-05,68.100
21-Mar-05,67.940
22-Mar-05,67.190
23-Mar-05,67.200
24-Mar-05,66.870
28-Mar-05,66.950
29-Mar-05,66.350
30-Mar-05,67.310
31-Mar-05,67.300
01-Apr-05,66.890
04-Apr-05,67.070
05-Apr-05,67.240
06-Apr-05,67.420
07-Apr-05,67.900
08-Apr-05,67.370
11-Apr-05,67.200
12-Apr-05,67.510
13-Apr-05,66.760
14-Apr-05,65.920
15-Apr-05,65.000
18-Apr-05,65.300
19-Apr-05,65.780
20-Apr-05,64.830
21-Apr-05,66.110
22-Apr-05,65.490
25-Apr-05,66.250
26-Apr-05,65.810
27-Apr-05,65.930
28-Apr-05,65.100
29-Apr-05,65.780
02-May-05,66.120
03-May-05,66.060
04-May-05,66.900
05-May-05,66.760
06-May-05,66.800
09-May-05,67.230
10-May-05,66.570
11-May-05,66.770
12-May-05,66.050
13-May-05,66.000
16-May-05,66.480
17-May-05,67.080
18-May-05,67.880
19-May-05,68.160
20-May-05,68.010
23-May-05,68.360
24-May-05,68.270
25-May-05,68.080
26-May-05,68.440
27-May-05,68.580
31-May-05,68.360
01-Jun-05,68.940
02-Jun-05,69.020
03-Jun-05,68.680
06-Jun-05,68.770
07-Jun-05,68.760
08-Jun-05,68.530
09-Jun-05,69.000
10-Jun-05,68.890
13-Jun-05,69.000
14-Jun-05,69.130
15-Jun-05,69.350
16-Jun-05,69.720
17-Jun-05,69.980
20-Jun-05,69.770
21-Jun-05,69.530
22-Jun-05,69.740
23-Jun-05,68.900
24-Jun-05,68.350
27-Jun-05,68.370
28-Jun-05,69.020
29-Jun-05,68.980
30-Jun-05,68.480
01-Jul-05,68.900
05-Jul-05,69.490
06-Jul-05,68.880
07-Jul-05,69.029
08-Jul-05,69.930
11-Jul-05,70.400
12-Jul-05,70.630
13-Jul-05,70.520
14-Jul-05,70.780
15-Jul-05,70.750
18-Jul-05,70.410
19-Jul-05,70.950
20-Jul-05,71.230
21-Jul-05,70.720
22-Jul-05,71.200
25-Jul-05,71.010
26-Jul-05,71.130
27-Jul-05,71.310
28-Jul-05,71.900
29-Jul-05,71.320
01-Aug-05,71.450
02-Aug-05,71.920
03-Aug-05,71.980
04-Aug-05,71.390
05-Aug-05,70.760
08-Aug-05,70.560
09-Aug-05,70.940
10-Aug-05,70.940
11-Aug-05,71.310
12-Aug-05,70.920
15-Aug-05,71.210
16-Aug-05,70.420
17-Aug-05,70.330
18-Aug-05,70.400
19-Aug-05,70.430
22-Aug-05,70.480
23-Aug-05,70.320
24-Aug-05,69.890
25-Aug-05,70.050
26-Aug-05,69.600
29-Aug-05,70.010
30-Aug-05,69.970
31-Aug-05,70.740
01-Sep-05,70.800
02-Sep-05,70.530
06-Sep-05,71.380
07-Sep-05,71.590
08-Sep-05,71.360
09-Sep-05,71.850
12-Sep-05,71.950
13-Sep-05,71.480
14-Sep-05,71.060
15-Sep-05,71.080
16-Sep-05,71.620
19-Sep-05,71.170
20-Sep-05,70.770
21-Sep-05,70.070
22-Sep-05,70.220
23-Sep-05,70.000
26-Sep-05,70.170
27-Sep-05,70.120
28-Sep-05,70.250
29-Sep-05,70.680
30-Sep-05,71.090
03-Oct-05,70.980
04-Oct-05,70.100
05-Oct-05,69.110
06-Oct-05,68.670
07-Oct-05,69.050
10-Oct-05,68.430
11-Oct-05,68.310
12-Oct-05,67.640
13-Oct-05,67.630
14-Oct-05,68.270
17-Oct-05,68.560
18-Oct-05,67.890
19-Oct-05,68.920
20-Oct-05,67.950
21-Oct-05,68.060
24-Oct-05,69.280
25-Oct-05,69.080
26-Oct-05,68.680
27-Oct-05,67.870
28-Oct-05,69.000
31-Oct-05,69.510
01-Nov-05,69.450
02-Nov-05,70.130
03-Nov-05,70.540
04-Nov-05,70.510
07-Nov-05,70.520
08-Nov-05,70.470
09-Nov-05,70.510
10-Nov-05,71.160
11-Nov-05,71.360
14-Nov-05,71.210
15-Nov-05,71.010
16-Nov-05,71.080
17-Nov-05,71.690
18-Nov-05,72.120
21-Nov-05,72.620
22-Nov-05,72.930
23-Nov-05,73.100
25-Nov-05,73.330
28-Nov-05,72.680
29-Nov-05,72.650
30-Nov-05,72.400
01-Dec-05,73.280
02-Dec-05,73.180
05-Dec-05,73.140
06-Dec-05,73.150
07-Dec-05,72.770
08-Dec-05,72.820
09-Dec-05,72.970
12-Dec-05,73.040
13-Dec-05,73.390
14-Dec-05,73.690
15-Dec-05,73.460
16-Dec-05,73.320
19-Dec-05,72.780
20-Dec-05,72.940
21-Dec-05,73.060
22-Dec-05,73.070
23-Dec-05,73.200
27-Dec-05,72.480
28-Dec-05,72.570
29-Dec-05,72.300
30-Dec-05,72.020
03-Jan-06,73.030
04-Jan-06,73.550
05-Jan-06,73.550
06-Jan-06,74.190
09-Jan-06,74.540
10-Jan-06,74.550
11-Jan-06,74.790
12-Jan-06,74.390
13-Jan-06,74.510
17-Jan-06,74.230
18-Jan-06,73.890
19-Jan-06,74.320
20-Jan-06,73.090
23-Jan-06,73.240
24-Jan-06,73.580
25-Jan-06,73.450
26-Jan-06,73.900
27-Jan-06,74.410
30-Jan-06,74.520
31-Jan-06,74.230
01-Feb-06,74.580
02-Feb-06,73.810
03-Feb-06,73.520
06-Feb-06,73.630
07-Feb-06,72.910
08-Feb-06,73.500
09-Feb-06,73.380
10-Feb-06,73.520
13-Feb-06,73.250
14-Feb-06,73.850
15-Feb-06,74.244
16-Feb-06,74.920
17-Feb-06,74.820
21-Feb-06,74.510
22-Feb-06,75.000
23-Feb-06,74.860
24-Feb-06,75.040
27-Feb-06,75.370
28-Feb-06,74.520
01-Mar-06,75.160
02-Mar-06,75.050
03-Mar-06,74.870
06-Mar-06,74.370
07-Mar-06,74.190
08-Mar-06,74.240
09-Mar-06,73.920
10-Mar-06,74.390
13-Mar-06,74.650
14-Mar-06,75.360
15-Mar-06,75.850
16-Mar-06,75.920
17-Mar-06,76.100
20-Mar-06,76.000
21-Mar-06,75.480
22-Mar-06,75.980
23-Mar-06,75.880
24-Mar-06,75.790
27-Mar-06,75.730
28-Mar-06,75.270
29-Mar-06,75.890
30-Mar-06,75.710
31-Mar-06,75.690
03-Apr-06,75.640
04-Apr-06,75.980
05-Apr-06,76.420
06-Apr-06,76.300
07-Apr-06,75.520
10-Apr-06,75.580
11-Apr-06,74.900
12-Apr-06,75.090
13-Apr-06,75.190
17-Apr-06,74.960
18-Apr-06,76.300
19-Apr-06,76.470
20-Apr-06,76.600
21-Apr-06,76.530
24-Apr-06,76.310
25-Apr-06,75.930
26-Apr-06,76.140
27-Apr-06,76.400
28-Apr-06,76.510
01-May-06,76.010
02-May-06,76.500
03-May-06,76.290
04-May-06,76.600
05-May-06,77.400
08-May-06,77.260
09-May-06,77.390
10-May-06,77.190
11-May-06,76.170
12-May-06,75.130
15-May-06,75.240
16-May-06,75.100
17-May-06,74.010
18-May-06,73.450
19-May-06,73.800
22-May-06,73.410
23-May-06,72.980
24-May-06,73.110
25-May-06,74.010
26-May-06,74.550
30-May-06,73.240
31-May-06,74.010
01-Jun-06,74.920
02-Jun-06,75.020
05-Jun-06,73.800
06-Jun-06,73.490
07-Jun-06,73.000
08-Jun-06,72.990
09-Jun-06,72.750
12-Jun-06,71.780
13-Jun-06,70.980
14-Jun-06,71.330
15-Jun-06,73.020
16-Jun-06,72.650
19-Jun-06,71.990
20-Jun-06,71.860
21-Jun-06,72.740
22-Jun-06,72.050
23-Jun-06,72.090
26-Jun-06,72.470
27-Jun-06,71.670
28-Jun-06,72.100
29-Jun-06,73.720
30-Jun-06,73.710
03-Jul-06,74.290
05-Jul-06,73.640
06-Jul-06,73.950
07-Jul-06,73.310
10-Jul-06,73.460
11-Jul-06,73.660
12-Jul-06,72.900
13-Jul-06,71.750
14-Jul-06,71.360
17-Jul-06,71.200
18-Jul-06,71.380
19-Jul-06,72.750
20-Jul-06,71.940
21-Jul-06,71.510
24-Jul-06,72.760
25-Jul-06,73.220
26-Jul-06,73.150
27-Jul-06,73.030
28-Jul-06,73.700
31-Jul-06,73.740
01-Aug-06,73.250
02-Aug-06,73.770
03-Aug-06,73.920
04-Aug-06,73.830
07-Aug-06,73.590
08-Aug-06,73.360
09-Aug-06,73.000
10-Aug-06,73.330
11-Aug-06,72.910
14-Aug-06,73.070
15-Aug-06,74.110
16-Aug-06,74.870
17-Aug-06,74.920
18-Aug-06,75.220
21-Aug-06,74.970
22-Aug-06,74.940
23-Aug-06,74.610
24-Aug-06,74.690
25-Aug-06,74.670
28-Aug-06,75.160
29-Aug-06,75.410
30-Aug-06,75.490
31-Aug-06,75.520
01-Sep-06,75.820
05-Sep-06,75.980
06-Sep-06,75.200
07-Sep-06,74.750
08-Sep-06,75.140
11-Sep-06,75.140
12-Sep-06,76.030
13-Sep-06,76.340
14-Sep-06,76.270
15-Sep-06,76.430
18-Sep-06,76.420
19-Sep-06,76.220
20-Sep-06,76.730
21-Sep-06,76.320
22-Sep-06,76.090
25-Sep-06,76.750
26-Sep-06,76.900
27-Sep-06,77.000
28-Sep-06,77.060
29-Sep-06,76.890
02-Oct-06,76.580
03-Oct-06,76.600
04-Oct-06,77.550
05-Oct-06,78.000
06-Oct-06,77.830
09-Oct-06,77.890
10-Oct-06,78.100
11-Oct-06,77.900
12-Oct-06,78.670
13-Oct-06,78.990
16-Oct-06,79.220
17-Oct-06,78.870
18-Oct-06,78.900
19-Oct-06,79.030
20-Oct-06,79.000
23-Oct-06,79.400
24-Oct-06,79.560
25-Oct-06,79.770
26-Oct-06,80.190
27-Oct-06,79.610
30-Oct-06,79.560
31-Oct-06,79.590
01-Nov-06,78.840
02-Nov-06,78.770
03-Nov-06,78.680
06-Nov-06,79.610
07-Nov-06,79.920
08-Nov-06,80.110
09-Nov-06,79.690
10-Nov-06,79.860
13-Nov-06,80.060
14-Nov-06,80.720
15-Nov-06,81.040
16-Nov-06,81.150
17-Nov-06,81.160
20-Nov-06,81.240
21-Nov-06,81.360
22-Nov-06,81.640
24-Nov-06,81.390
27-Nov-06,80.120
28-Nov-06,80.310
29-Nov-06,81.170
30-Nov-06,81.280
01-Dec-06,81.180
04-Dec-06,81.840
05-Dec-06,82.220
06-Dec-06,82.170
07-Dec-06,81.880
08-Dec-06,81.940
11-Dec-06,82.130
12-Dec-06,81.900
13-Dec-06,82.030
14-Dec-06,82.650
15-Dec-06,82.760
18-Dec-06,82.360
19-Dec-06,82.550
20-Dec-06,82.120
21-Dec-06,81.800
22-Dec-06,81.400
26-Dec-06,81.950
27-Dec-06,82.530
28-Dec-06,82.350
29-Dec-06,82.040
03-Jan-07,81.910
04-Jan-07,82.080
05-Jan-07,81.380
08-Jan-07,81.680
09-Jan-07,81.680
10-Jan-07,81.940
11-Jan-07,82.530
12-Jan-07,83.040
16-Jan-07,82.980
17-Jan-07,82.880
18-Jan-07,82.420
19-Jan-07,82.830
22-Jan-07,82.410
23-Jan-07,82.730
24-Jan-07,83.480
25-Jan-07,82.440
26-Jan-07,82.490
29-Jan-07,82.530
30-Jan-07,82.900
31-Jan-07,83.540
01-Feb-07,84.020
02-Feb-07,84.200
05-Feb-07,84.090
06-Feb-07,84.190
07-Feb-07,84.510
08-Feb-07,84.330
09-Feb-07,83.700
12-Feb-07,83.430
13-Feb-07,84.080
14-Feb-07,84.700
15-Feb-07,84.750
16-Feb-07,84.780
20-Feb-07,85.060
21-Feb-07,85.060
22-Feb-07,85.060
23-Feb-07,84.740
26-Feb-07,84.550
27-Feb-07,81.400
28-Feb-07,82.150
01-Mar-07,81.860
02-Mar-07,80.750
05-Mar-07,79.750
06-Mar-07,81.245
07-Mar-07,81.100
08-Mar-07,81.620
09-Mar-07,81.830
12-Mar-07,82.020
13-Mar-07,80.310
14-Mar-07,80.920
15-Mar-07,81.090
16-Mar-07,80.910
19-Mar-07,81.770
20-Mar-07,82.290
21-Mar-07,83.677
22-Mar-07,83.740
23-Mar-07,83.440
26-Mar-07,83.320
27-Mar-07,83.020
28-Mar-07,82.470
29-Mar-07,82.500
30-Mar-07,82.640
02-Apr-07,82.740
03-Apr-07,83.630
04-Apr-07,83.670
05-Apr-07,83.880
09-Apr-07,84.020
10-Apr-07,84.130
11-Apr-07,83.770
12-Apr-07,84.090
13-Apr-07,84.450
16-Apr-07,85.320
17-Apr-07,85.500
18-Apr-07,85.610
19-Apr-07,85.450
20-Apr-07,86.230
23-Apr-07,86.100
24-Apr-07,86.020
25-Apr-07,86.770
26-Apr-07,86.810
27-Apr-07,86.760
30-Apr-07,85.910
01-May-07,86.120
02-May-07,86.770
03-May-07,87.150
04-May-07,87.400
07-May-07,87.550
08-May-07,87.350
09-May-07,87.640
10-May-07,86.710
11-May-07,87.390
14-May-07,87.270
15-May-07,87.130
16-May-07,87.580
17-May-07,87.520
18-May-07,88.180
21-May-07,88.410
22-May-07,88.390
23-May-07,88.390
24-May-07,87.470
25-May-07,87.920
29-May-07,88.170
30-May-07,88.940
31-May-07,89.080
01-Jun-07,89.380
04-Jun-07,89.540
05-Jun-07,89.050
06-Jun-07,88.090
07-Jun-07,86.320
08-Jun-07,87.480
11-Jun-07,87.700
12-Jun-07,86.700
13-Jun-07,87.990
14-Jun-07,88.470
15-Jun-07,89.080
18-Jun-07,89.020
19-Jun-07,89.180
20-Jun-07,87.930
21-Jun-07,88.380
22-Jun-07,87.610
25-Jun-07,86.940
26-Jun-07,86.580
27-Jun-07,87.510
28-Jun-07,87.110
29-Jun-07,87.030
02-Jul-07,87.990
03-Jul-07,88.360
05-Jul-07,88.380
06-Jul-07,88.730
09-Jul-07,88.850
10-Jul-07,87.550
11-Jul-07,88.020
12-Jul-07,89.490
13-Jul-07,89.800
16-Jul-07,89.640
17-Jul-07,89.680
18-Jul-07,89.540
19-Jul-07,89.840
20-Jul-07,88.880
23-Jul-07,89.080
24-Jul-07,87.570
25-Jul-07,87.610
26-Jul-07,85.330
27-Jul-07,83.910
30-Jul-07,85.110
31-Jul-07,84.180
01-Aug-07,84.420
02-Aug-07,84.970
03-Aug-07,83.130
06-Aug-07,84.100
07-Aug-07,85.010
08-Aug-07,86.160
09-Aug-07,84.000
10-Aug-07,84.040
13-Aug-07,83.930
14-Aug-07,82.620
15-Aug-07,81.040
16-Aug-07,81.610
17-Aug-07,83.350
20-Aug-07,83.520
21-Aug-07,83.650
22-Aug-07,84.700
23-Aug-07,84.470
24-Aug-07,85.490
27-Aug-07,84.830
28-Aug-07,82.940
29-Aug-07,84.570
30-Aug-07,84.210
31-Aug-07,85.150
04-Sep-07,86.230
05-Sep-07,85.210
06-Sep-07,85.630
07-Sep-07,84.230
10-Sep-07,83.930
11-Sep-07,85.050
12-Sep-07,85.220
13-Sep-07,85.700
14-Sep-07,85.800
17-Sep-07,85.340
18-Sep-07,87.770
19-Sep-07,88.390
20-Sep-07,87.840
21-Sep-07,88.170
24-Sep-07,87.940
25-Sep-07,87.300
26-Sep-07,87.830
27-Sep-07,88.340
28-Sep-07,87.990
01-Oct-07,89.120
02-Oct-07,89.230
03-Oct-07,88.910
04-Oct-07,89.080
05-Oct-07,90.080
08-Oct-07,89.760
09-Oct-07,90.430
10-Oct-07,90.310
11-Oct-07,89.920
12-Oct-07,90.320
15-Oct-07,89.690
16-Oct-07,88.900
17-Oct-07,89.110
18-Oct-07,89.040
19-Oct-07,86.640
22-Oct-07,87.130
23-Oct-07,87.770
24-Oct-07,87.720
25-Oct-07,87.870
26-Oct-07,88.710
29-Oct-07,88.990
30-Oct-07,88.420
31-Oct-07,89.580
01-Nov-07,87.170
02-Nov-07,87.330
05-Nov-07,86.730
06-Nov-07,87.770
07-Nov-07,85.580
08-Nov-07,85.300
09-Nov-07,84.150
12-Nov-07,83.130
13-Nov-07,85.610
14-Nov-07,85.000
15-Nov-07,83.980
16-Nov-07,84.220
19-Nov-07,82.840
20-Nov-07,83.260
21-Nov-07,81.790
23-Nov-07,83.080
26-Nov-07,81.250
27-Nov-07,82.220
28-Nov-07,84.880
29-Nov-07,84.940
30-Nov-07,85.600
03-Dec-07,85.050
04-Dec-07,84.510
05-Dec-07,85.670
06-Dec-07,87.190
07-Dec-07,87.110
10-Dec-07,87.790
11-Dec-07,85.200
12-Dec-07,86.020
13-Dec-07,86.080
14-Dec-07,84.850
17-Dec-07,83.530
18-Dec-07,84.120
19-Dec-07,83.950
20-Dec-07,84.630
21-Dec-07,86.100
24-Dec-07,86.410
26-Dec-07,86.710
27-Dec-07,85.110
28-Dec-07,85.080
31-Dec-07,84.400
02-Jan-08,83.490
03-Jan-08,83.520
04-Jan-08,81.310
07-Jan-08,81.400
08-Jan-08,79.790
09-Jan-08,80.880
10-Jan-08,81.480
11-Jan-08,80.370
14-Jan-08,81.130
15-Jan-08,79.150
16-Jan-08,78.870
17-Jan-08,76.550
18-Jan-08,76.250
22-Jan-08,75.280
23-Jan-08,77.010
24-Jan-08,77.780
25-Jan-08,76.710
28-Jan-08,77.910
29-Jan-08,78.500
30-Jan-08,78.000
31-Jan-08,79.360
01-Feb-08,80.660
04-Feb-08,79.740
05-Feb-08,77.550
06-Feb-08,76.840
07-Feb-08,77.410
08-Feb-08,77.030
11-Feb-08,77.550
12-Feb-08,78.120
13-Feb-08,79.070
14-Feb-08,78.060
15-Feb-08,78.090
19-Feb-08,78.170
20-Feb-08,78.770
21-Feb-08,77.664
22-Feb-08,78.900
25-Feb-08,79.410
26-Feb-08,79.980
27-Feb-08,79.890
28-Feb-08,79.170
29-Feb-08,77.170
03-Mar-08,77.120
04-Mar-08,76.860
05-Mar-08,77.270
06-Mar-08,75.500
07-Mar-08,74.880
10-Mar-08,73.650
11-Mar-08,76.230
12-Mar-08,75.610
13-Mar-08,76.070
14-Mar-08,74.540
17-Mar-08,73.670
18-Mar-08,76.710
19-Mar-08,75.000
20-Mar-08,76.690
24-Mar-08,77.630
25-Mar-08,77.900
26-Mar-08,77.360
27-Mar-08,76.440
28-Mar-08,75.790
31-Mar-08,76.210
01-Apr-08,78.830
02-Apr-08,78.820
03-Apr-08,79.030
04-Apr-08,79.090
07-Apr-08,79.180
08-Apr-08,78.950
09-Apr-08,78.140
10-Apr-08,78.550
11-Apr-08,77.024
14-Apr-08,76.730
15-Apr-08,77.080
16-Apr-08,78.830
17-Apr-08,78.780
18-Apr-08,80.290
21-Apr-08,80.140
22-Apr-08,79.470
23-Apr-08,79.670
24-Apr-08,80.090
25-Apr-08,80.740
28-Apr-08,80.760
29-Apr-08,80.420
30-Apr-08,79.970
01-May-08,81.340
02-May-08,81.550
05-May-08,81.315
06-May-08,82.020
07-May-08,80.600
08-May-08,80.820
09-May-08,80.420
12-May-08,81.330
13-May-08,81.420
14-May-08,81.660
15-May-08,82.550
16-May-08,82.790
19-May-08,82.740
20-May-08,82.100
21-May-08,80.780
22-May-08,80.990
23-May-08,80.080
27-May-08,80.650
28-May-08,80.990
29-May-08,81.493
30-May-08,81.540
02-Jun-08,80.920
03-Jun-08,80.520
04-Jun-08,80.485
05-Jun-08,82.070
06-Jun-08,79.740
09-Jun-08,79.710
10-Jun-08,79.510
11-Jun-08,78.190
12-Jun-08,78.380
13-Jun-08,79.510
16-Jun-08,79.640
17-Jun-08,79.230
18-Jun-08,78.530
19-Jun-08,78.790
20-Jun-08,77.330
23-Jun-08,77.320
24-Jun-08,76.880
25-Jun-08,77.450
26-Jun-08,75.320
27-Jun-08,75.030
30-Jun-08,74.900
01-Jul-08,75.100
02-Jul-08,73.380
03-Jul-08,73.250
07-Jul-08,72.570
08-Jul-08,73.920
09-Jul-08,72.330
10-Jul-08,72.910
11-Jul-08,72.280
14-Jul-08,71.570
15-Jul-08,70.690
16-Jul-08,72.580
17-Jul-08,73.350
18-Jul-08,73.330
21-Jul-08,73.490
22-Jul-08,74.530
23-Jul-08,74.870
24-Jul-08,73.060
25-Jul-08,73.310
28-Jul-08,72.120
29-Jul-08,73.730
30-Jul-08,74.880
31-Jul-08,73.960
01-Aug-08,73.630
04-Aug-08,72.880
05-Aug-08,74.810
06-Aug-08,75.150
07-Aug-08,73.940
08-Aug-08,75.510
11-Aug-08,76.140
12-Aug-08,75.370
13-Aug-08,75.310
14-Aug-08,75.800
15-Aug-08,75.960
18-Aug-08,74.960
19-Aug-08,74.200
20-Aug-08,74.630
21-Aug-08,74.700
22-Aug-08,75.600
25-Aug-08,74.140
26-Aug-08,74.310
27-Aug-08,75.060
28-Aug-08,76.090
29-Aug-08,75.200
02-Sep-08,74.810
03-Sep-08,74.670
04-Sep-08,72.400
05-Sep-08,72.700
08-Sep-08,74.070
09-Sep-08,71.540
10-Sep-08,71.970
11-Sep-08,72.950
12-Sep-08,73.140
15-Sep-08,69.950
16-Sep-08,70.940
17-Sep-08,67.940
18-Sep-08,70.520
19-Sep-08,73.420
22-Sep-08,70.760
23-Sep-08,69.900
24-Sep-08,69.300
25-Sep-08,70.490
26-Sep-08,70.730
29-Sep-08,65.650
30-Sep-08,68.790
01-Oct-08,67.650
02-Oct-08,64.480
03-Oct-08,63.550
06-Oct-08,61.690
07-Oct-08,57.380
08-Oct-08,56.830
09-Oct-08,52.730
10-Oct-08,52.640
13-Oct-08,58.130
14-Oct-08,57.540
15-Oct-08,52.320
16-Oct-08,54.640
17-Oct-08,54.200
20-Oct-08,56.860
21-Oct-08,55.050
22-Oct-08,51.910
23-Oct-08,52.230
24-Oct-08,50.310
27-Oct-08,48.540
28-Oct-08,53.270
29-Oct-08,52.900
30-Oct-08,54.800
31-Oct-08,55.880
03-Nov-08,55.820
04-Nov-08,57.640
05-Nov-08,54.820
06-Nov-08,52.205
07-Nov-08,53.650
10-Nov-08,52.640
11-Nov-08,51.610
12-Nov-08,49.040
13-Nov-08,52.500
14-Nov-08,49.950
17-Nov-08,48.690
18-Nov-08,49.310
19-Nov-08,46.310
20-Nov-08,43.310
21-Nov-08,45.780
24-Nov-08,48.510
25-Nov-08,49.080
26-Nov-08,50.910
28-Nov-08,51.350
01-Dec-08,46.700
02-Dec-08,48.580
03-Dec-08,49.950
04-Dec-08,48.460
05-Dec-08,50.160
08-Dec-08,52.070
09-Dec-08,51.050
10-Dec-08,51.760
11-Dec-08,50.250
12-Dec-08,50.950
15-Dec-08,50.050
16-Dec-08,52.620
17-Dec-08,52.280
18-Dec-08,51.280
19-Dec-08,50.970
22-Dec-08,50.130
23-Dec-08,49.690
24-Dec-08,49.880
26-Dec-08,50.150
29-Dec-08,49.910
30-Dec-08,51.120
31-Dec-08,52.000
02-Jan-09,53.440
05-Jan-09,53.380
06-Jan-09,53.930
07-Jan-09,52.370
08-Jan-09,52.510
09-Jan-09,51.360
12-Jan-09,50.060
13-Jan-09,50.240
14-Jan-09,48.660
15-Jan-09,48.850
16-Jan-09,49.110
20-Jan-09,46.490
21-Jan-09,48.492
22-Jan-09,47.830
23-Jan-09,47.960
26-Jan-09,48.190
27-Jan-09,48.770
28-Jan-09,50.420
29-Jan-09,48.760
30-Jan-09,47.650
02-Feb-09,47.620
03-Feb-09,48.260
04-Feb-09,48.040
05-Feb-09,48.860
06-Feb-09,50.200
09-Feb-09,50.300
10-Feb-09,47.940
11-Feb-09,48.250
12-Feb-09,48.420
13-Feb-09,47.910
17-Feb-09,45.750
18-Feb-09,45.650
19-Feb-09,45.170
20-Feb-09,44.640
23-Feb-09,43.040
24-Feb-09,44.790
25-Feb-09,44.330
26-Feb-09,43.580
27-Feb-09,42.650
02-Mar-09,40.740
03-Mar-09,40.420
04-Mar-09,41.340
05-Mar-09,39.630
06-Mar-09,39.700
09-Mar-09,39.190
10-Mar-09,41.640
11-Mar-09,41.840
12-Mar-09,43.570
13-Mar-09,43.930
16-Mar-09,43.740
17-Mar-09,45.150
18-Mar-09,46.080
19-Mar-09,45.630
20-Mar-09,44.590
23-Mar-09,47.840
24-Mar-09,46.470
25-Mar-09,46.950
26-Mar-09,48.120
27-Mar-09,47.090
30-Mar-09,45.520
31-Mar-09,45.880
01-Apr-09,46.820
02-Apr-09,48.440
03-Apr-09,48.890
06-Apr-09,48.340
07-Apr-09,47.180
08-Apr-09,47.810
09-Apr-09,49.830
13-Apr-09,49.890
14-Apr-09,48.920
15-Apr-09,49.410
16-Apr-09,50.370
17-Apr-09,50.610
20-Apr-09,48.340
21-Apr-09,49.440
22-Apr-09,49.230
23-Apr-09,49.530
24-Apr-09,50.390
27-Apr-09,49.920
28-Apr-09,49.870
29-Apr-09,50.890
30-Apr-09,50.970
01-May-09,51.210
04-May-09,52.987
05-May-09,52.690
06-May-09,53.530
07-May-09,52.720
08-May-09,54.050
11-May-09,53.120
12-May-09,52.820
13-May-09,51.330
14-May-09,51.920
15-May-09,51.380
18-May-09,52.970
19-May-09,52.940
20-May-09,52.670
21-May-09,51.830
22-May-09,51.720
26-May-09,53.200
27-May-09,52.200
28-May-09,52.870
29-May-09,53.810
01-Jun-09,55.240
02-Jun-09,55.510
03-Jun-09,54.610
04-Jun-09,55.220
05-Jun-09,55.090
08-Jun-09,54.900
09-Jun-09,55.180
10-Jun-09,55.090
11-Jun-09,55.280
12-Jun-09,55.450
15-Jun-09,54.040
16-Jun-09,53.360
17-Jun-09,53.330
18-Jun-09,53.650
19-Jun-09,53.800
22-Jun-09,52.240
23-Jun-09,52.250
24-Jun-09,52.710
25-Jun-09,53.860
26-Jun-09,53.650
29-Jun-09,54.200
30-Jun-09,53.870
01-Jul-09,54.110
02-Jul-09,52.440
06-Jul-09,52.310
07-Jul-09,51.300
08-Jul-09,51.140
09-Jul-09,51.280
10-Jul-09,51.190
13-Jul-09,52.340
14-Jul-09,52.750
15-Jul-09,54.270
16-Jul-09,54.810
17-Jul-09,54.770
20-Jul-09,55.420
21-Jul-09,55.680
22-Jul-09,55.640
23-Jul-09,56.930
24-Jul-09,57.230
27-Jul-09,57.400
28-Jul-09,57.280
29-Jul-09,57.030
30-Jul-09,57.620
31-Jul-09,57.660
03-Aug-09,58.610
04-Aug-09,58.830
05-Aug-09,58.690
06-Aug-09,58.360
07-Aug-09,59.190
10-Aug-09,59.030
11-Aug-09,58.290
12-Aug-09,58.972
13-Aug-09,59.370
14-Aug-09,58.860
17-Aug-09,57.400
18-Aug-09,57.950
19-Aug-09,58.410
20-Aug-09,59.010
21-Aug-09,60.170
24-Aug-09,60.140
25-Aug-09,60.210
26-Aug-09,60.270
27-Aug-09,60.300
28-Aug-09,60.300
31-Aug-09,59.760
01-Sep-09,58.450
02-Sep-09,58.190
03-Sep-09,58.790
04-Sep-09,59.540
08-Sep-09,60.160
09-Sep-09,60.720
10-Sep-09,61.300
11-Sep-09,61.360
14-Sep-09,61.700
15-Sep-09,62.040
16-Sep-09,63.020
17-Sep-09,62.900
18-Sep-09,62.930
21-Sep-09,62.750
22-Sep-09,62.940
23-Sep-09,62.250
24-Sep-09,61.590
25-Sep-09,61.290
28-Sep-09,62.290
29-Sep-09,62.240
30-Sep-09,61.990
01-Oct-09,60.360
02-Oct-09,60.070
05-Oct-09,60.940
06-Oct-09,61.880
07-Oct-09,61.990
08-Oct-09,62.490
09-Oct-09,62.890
12-Oct-09,63.140
13-Oct-09,63.040
14-Oct-09,64.090
15-Oct-09,64.320
16-Oct-09,63.840
19-Oct-09,64.340
20-Oct-09,63.940
21-Oct-09,63.300
22-Oct-09,63.990
23-Oct-09,63.190
26-Oct-09,62.460
27-Oct-09,62.180
28-Oct-09,60.750
29-Oct-09,62.120
30-Oct-09,60.380
02-Nov-09,60.740
03-Nov-09,60.970
04-Nov-09,61.020
05-Nov-09,62.290
06-Nov-09,62.380
09-Nov-09,63.750
10-Nov-09,63.800
11-Nov-09,64.150
12-Nov-09,63.450
13-Nov-09,63.830
16-Nov-09,64.810
17-Nov-09,64.840
18-Nov-09,64.790
19-Nov-09,63.890
20-Nov-09,63.650
23-Nov-09,64.450
24-Nov-09,64.420
25-Nov-09,64.680
27-Nov-09,63.550
30-Nov-09,63.870
01-Dec-09,64.590
02-Dec-09,64.730
03-Dec-09,64.190
04-Dec-09,64.640
07-Dec-09,64.600
08-Dec-09,63.860
09-Dec-09,64.120
10-Dec-09,64.430
11-Dec-09,64.730
14-Dec-09,65.310
15-Dec-09,64.990
16-Dec-09,65.130
17-Dec-09,64.420
18-Dec-09,64.860
21-Dec-09,65.460
22-Dec-09,65.780
23-Dec-09,65.670
24-Dec-09,65.980
28-Dec-09,66.040
29-Dec-09,65.970
30-Dec-09,65.940
31-Dec-09,65.280
04-Jan-10,66.380
05-Jan-10,66.550
06-Jan-10,66.680
07-Jan-10,66.910
08-Jan-10,67.150
11-Jan-10,67.210
12-Jan-10,66.580
13-Jan-10,67.160
14-Jan-10,67.320
15-Jan-10,66.490
19-Jan-10,67.430
20-Jan-10,66.750
21-Jan-10,65.500
22-Jan-10,64.060
25-Jan-10,64.350
26-Jan-10,64.080
27-Jan-10,64.400
28-Jan-10,63.610
29-Jan-10,62.850
01-Feb-10,63.860
02-Feb-10,64.640
03-Feb-10,64.350
04-Feb-10,62.310
05-Feb-10,62.480
08-Feb-10,61.910
09-Feb-10,62.760
10-Feb-10,62.690
11-Feb-10,63.320
12-Feb-10,63.380
16-Feb-10,64.380
17-Feb-10,64.770
18-Feb-10,65.160
19-Feb-10,65.330
22-Feb-10,65.290
23-Feb-10,64.480
24-Feb-10,65.050
25-Feb-10,64.990
26-Feb-10,64.970
01-Mar-10,65.780
02-Mar-10,66.030
03-Mar-10,66.120
04-Mar-10,66.270
05-Mar-10,67.340
08-Mar-10,67.300
09-Mar-10,67.460
10-Mar-10,67.800
11-Mar-10,68.060
12-Mar-10,68.100
15-Mar-10,68.030
16-Mar-10,68.640
17-Mar-10,69.040
18-Mar-10,68.970
19-Mar-10,68.550
22-Mar-10,68.950
23-Mar-10,69.500
24-Mar-10,68.900
25-Mar-10,68.670
26-Mar-10,68.740
29-Mar-10,69.080
30-Mar-10,69.130
31-Mar-10,68.810
01-Apr-10,69.400
05-Apr-10,70.110
06-Apr-10,70.260
07-Apr-10,69.870
08-Apr-10,70.110
09-Apr-10,70.520
12-Apr-10,70.730
13-Apr-10,70.730
14-Apr-10,71.610
15-Apr-10,71.700
16-Apr-10,70.610
19-Apr-10,70.740
20-Apr-10,71.440
21-Apr-10,71.430
22-Apr-10,71.670
23-Apr-10,72.180
26-Apr-10,71.930
27-Apr-10,70.200
28-Apr-10,70.710
29-Apr-10,71.630
30-Apr-10,70.330
03-May-10,71.320
04-May-10,69.600
05-May-10,69.020
06-May-10,66.740
07-May-10,65.620
10-May-10,68.570
11-May-10,68.420
12-May-10,69.600
13-May-10,68.730
14-May-10,67.500
17-May-10,67.490
18-May-10,66.550
19-May-10,66.060
20-May-10,63.480
21-May-10,64.440
24-May-10,63.610
25-May-10,63.650
26-May-10,63.360
27-May-10,65.610
28-May-10,64.890
01-Jun-10,63.600
02-Jun-10,65.270
03-Jun-10,65.590
04-Jun-10,63.230
07-Jun-10,62.240
08-Jun-10,62.790
09-Jun-10,62.550
10-Jun-10,64.430
11-Jun-10,64.780
14-Jun-10,64.780
15-Jun-10,66.310
16-Jun-10,66.270
17-Jun-10,66.300
18-Jun-10,66.370
21-Jun-10,66.060
22-Jun-10,64.900
23-Jun-10,64.770
24-Jun-10,63.660
25-Jun-10,63.990
28-Jun-10,63.780
29-Jun-10,61.740
30-Jun-10,61.080
01-Jul-10,60.830
02-Jul-10,60.250
06-Jul-10,60.400
07-Jul-10,62.380
08-Jul-10,63.000
09-Jul-10,63.500
12-Jul-10,63.480
13-Jul-10,64.550
14-Jul-10,64.540
15-Jul-10,64.470
16-Jul-10,62.650
19-Jul-10,63.050
20-Jul-10,63.750
21-Jul-10,62.950
22-Jul-10,64.400
23-Jul-10,65.090
26-Jul-10,65.840
27-Jul-10,65.760
28-Jul-10,65.210
29-Jul-10,64.960
30-Jul-10,64.940
02-Aug-10,66.360
03-Aug-10,66.060
04-Aug-10,66.490
05-Aug-10,66.400
06-Aug-10,66.080
09-Aug-10,66.560
10-Aug-10,66.030
11-Aug-10,64.140
12-Aug-10,63.740
13-Aug-10,63.470
16-Aug-10,63.510
17-Aug-10,64.370
18-Aug-10,64.510
19-Aug-10,63.390
20-Aug-10,63.170
23-Aug-10,62.850
24-Aug-10,61.940
25-Aug-10,62.230
26-Aug-10,61.780
27-Aug-10,62.900
30-Aug-10,61.910
31-Aug-10,61.930
01-Sep-10,63.805
02-Sep-10,64.460
03-Sep-10,65.310
07-Sep-10,64.560
08-Sep-10,64.930
09-Sep-10,65.200
10-Sep-10,65.530
13-Sep-10,66.370
14-Sep-10,66.300
15-Sep-10,66.570
16-Sep-10,66.500
17-Sep-10,66.590
20-Sep-10,67.660
21-Sep-10,67.490
22-Sep-10,67.130
23-Sep-10,66.250
24-Sep-10,67.670
27-Sep-10,67.420
28-Sep-10,67.760
29-Sep-10,67.650
30-Sep-10,67.450
01-Oct-10,67.770
04-Oct-10,67.200
05-Oct-10,68.610
06-Oct-10,68.520
07-Oct-10,68.460
08-Oct-10,68.890
11-Oct-10,68.960
12-Oct-10,69.210
13-Oct-10,69.750
14-Oct-10,69.530
15-Oct-10,69.610
18-Oct-10,70.070
19-Oct-10,68.940
20-Oct-10,69.670
21-Oct-10,69.740
22-Oct-10,69.970
25-Oct-10,70.190
26-Oct-10,70.200
27-Oct-10,70.030
28-Oct-10,70.050
29-Oct-10,70.150
01-Nov-10,70.100
02-Nov-10,70.750
03-Nov-10,71.010
04-Nov-10,72.390
05-Nov-10,72.670
08-Nov-10,72.600
09-Nov-10,72.015
10-Nov-10,72.410
11-Nov-10,72.160
12-Nov-10,71.150
15-Nov-10,71.170
16-Nov-10,70.030
17-Nov-10,70.110
18-Nov-10,71.150
19-Nov-10,71.390
22-Nov-10,71.420
23-Nov-10,70.420
24-Nov-10,71.530
26-Nov-10,70.910
29-Nov-10,70.930
30-Nov-10,70.410
01-Dec-10,72.000
02-Dec-10,72.880
03-Dec-10,73.160
06-Dec-10,73.150
07-Dec-10,73.200
08-Dec-10,73.400
09-Dec-10,73.670
10-Dec-10,74.155
13-Dec-10,74.140
14-Dec-10,74.170
15-Dec-10,73.850
16-Dec-10,74.310
17-Dec-10,74.475
20-Dec-10,74.620
21-Dec-10,75.130
22-Dec-10,75.030
23-Dec-10,74.900
27-Dec-10,74.950
28-Dec-10,74.990
29-Dec-10,75.130
30-Dec-10,75.030
31-Dec-10,74.950
03-Jan-11,75.774
04-Jan-11,75.550
05-Jan-11,75.970
06-Jan-11,75.840
07-Jan-11,75.710
10-Jan-11,75.660
11-Jan-11,75.940
12-Jan-11,76.640
13-Jan-11,76.530
14-Jan-11,77.050
18-Jan-11,77.280
19-Jan-11,76.310
20-Jan-11,76.110
21-Jan-11,76.184
24-Jan-11,76.680
25-Jan-11,76.690
26-Jan-11,77.150
27-Jan-11,77.360
28-Jan-11,75.920
31-Jan-11,76.540
01-Feb-11,77.810
02-Feb-11,77.630
03-Feb-11,77.860
04-Feb-11,78.060
07-Feb-11,78.590
08-Feb-11,78.940
09-Feb-11,78.720
10-Feb-11,78.810
11-Feb-11,79.340
14-Feb-11,79.602
15-Feb-11,79.320
16-Feb-11,79.840
17-Feb-11,80.130
18-Feb-11,80.240
22-Feb-11,78.545
23-Feb-11,77.940
24-Feb-11,77.950
25-Feb-11,78.880
28-Feb-11,79.360
01-Mar-11,78.010
02-Mar-11,78.200
03-Mar-11,79.590
04-Mar-11,79.030
07-Mar-11,78.370
08-Mar-11,79.060
09-Mar-11,78.920
10-Mar-11,77.400
11-Mar-11,77.930
14-Mar-11,77.470
15-Mar-11,76.630
16-Mar-11,75.320
17-Mar-11,76.120
18-Mar-11,76.530
21-Mar-11,77.750
22-Mar-11,77.470
23-Mar-11,77.690
24-Mar-11,78.130
25-Mar-11,78.420
28-Mar-11,78.230
29-Mar-11,78.792
30-Mar-11,79.350
31-Mar-11,79.260
01-Apr-11,79.700
04-Apr-11,79.800
05-Apr-11,79.870
06-Apr-11,80.040
07-Apr-11,79.840
08-Apr-11,79.490
11-Apr-11,79.163
12-Apr-11,78.530
13-Apr-11,78.580
14-Apr-11,78.600
15-Apr-11,79.000
18-Apr-11,78.070
19-Apr-11,78.520
20-Apr-11,79.640
21-Apr-11,80.070
25-Apr-11,79.980
26-Apr-11,80.670
27-Apr-11,81.220
28-Apr-11,81.440
29-Apr-11,81.720
02-May-11,81.470
03-May-11,81.020
04-May-11,80.432
05-May-11,79.800
06-May-11,80.130
09-May-11,80.580
10-May-11,81.300
11-May-11,80.420
12-May-11,80.830
13-May-11,80.120
16-May-11,79.560
17-May-11,79.450
18-May-11,80.260
19-May-11,80.420
20-May-11,79.860
23-May-11,78.860
24-May-11,78.760
25-May-11,79.100
26-May-11,79.550
27-May-11,79.910
31-May-11,80.780
01-Jun-11,78.900
02-Jun-11,78.810
03-Jun-11,77.990
06-Jun-11,77.062
07-Jun-11,77.040
08-Jun-11,76.660
09-Jun-11,77.210
10-Jun-11,76.100
13-Jun-11,76.090
14-Jun-11,77.120
15-Jun-11,75.830
16-Jun-11,75.910
17-Jun-11,76.140
20-Jun-11,76.520
21-Jun-11,77.650
22-Jun-11,77.220
23-Jun-11,77.050
24-Jun-11,76.240
27-Jun-11,76.880
28-Jun-11,77.940
29-Jun-11,78.550
30-Jun-11,79.290
01-Jul-11,80.450
05-Jul-11,80.120
06-Jul-11,80.250
07-Jul-11,81.130
08-Jul-11,80.580
11-Jul-11,79.020
12-Jul-11,78.710
13-Jul-11,78.990
14-Jul-11,78.360
15-Jul-11,78.840
18-Jul-11,78.050
19-Jul-11,79.440
20-Jul-11,79.360
21-Jul-11,80.360
22-Jul-11,80.460
25-Jul-11,79.910
26-Jul-11,79.590
27-Jul-11,77.820
28-Jul-11,77.609
29-Jul-11,76.970
01-Aug-11,76.810
02-Aug-11,74.800
03-Aug-11,75.190
04-Aug-11,71.380
05-Aug-11,71.100
08-Aug-11,66.230
09-Aug-11,69.440
10-Aug-11,66.500
11-Aug-11,69.550
12-Aug-11,70.080
15-Aug-11,71.670
16-Aug-11,70.920
17-Aug-11,70.900
18-Aug-11,67.690
19-Aug-11,66.510
22-Aug-11,66.530
23-Aug-11,68.840
24-Aug-11,69.780
25-Aug-11,68.680
26-Aug-11,69.760
29-Aug-11,71.987
30-Aug-11,72.180
31-Aug-11,72.460
01-Sep-11,71.560
02-Sep-11,69.700
06-Sep-11,69.230
07-Sep-11,71.310
08-Sep-11,70.480
09-Sep-11,68.590
12-Sep-11,69.060
13-Sep-11,69.750
14-Sep-11,70.740
15-Sep-11,71.970
16-Sep-11,72.320
19-Sep-11,71.550
20-Sep-11,71.320
21-Sep-11,69.090
22-Sep-11,66.899
23-Sep-11,67.010
26-Sep-11,68.560
27-Sep-11,69.430
28-Sep-11,67.830
29-Sep-11,68.310
30-Sep-11,66.730
03-Oct-11,64.430
04-Oct-11,66.030
05-Oct-11,67.400
06-Oct-11,68.680
07-Oct-11,68.070
10-Oct-11,70.430
11-Oct-11,70.440
12-Oct-11,71.190
13-Oct-11,71.050
14-Oct-11,72.340
17-Oct-11,70.820
18-Oct-11,72.350
19-Oct-11,71.330
20-Oct-11,71.650
21-Oct-11,73.000
24-Oct-11,74.180
25-Oct-11,72.660
26-Oct-11,73.510
27-Oct-11,76.140
28-Oct-11,76.160
31-Oct-11,74.180
01-Nov-11,72.110
02-Nov-11,73.380
03-Nov-11,74.750
04-Nov-11,74.380
07-Nov-11,74.710
08-Nov-11,75.680
09-Nov-11,72.770
10-Nov-11,73.390
11-Nov-11,74.850
14-Nov-11,74.100
15-Nov-11,74.580
16-Nov-11,73.370
17-Nov-11,72.190
18-Nov-11,72.100
21-Nov-11,70.750
22-Nov-11,70.480
23-Nov-11,68.810
25-Nov-11,68.610
28-Nov-11,70.720
29-Nov-11,70.880
30-Nov-11,73.920
01-Dec-11,73.830
02-Dec-11,73.910
05-Dec-11,74.690
06-Dec-11,74.710
07-Dec-11,74.830
08-Dec-11,73.200
09-Dec-11,74.490
12-Dec-11,73.380
13-Dec-11,72.610
14-Dec-11,71.780
15-Dec-11,72.090
16-Dec-11,72.300
19-Dec-11,71.470
20-Dec-11,73.620
21-Dec-11,73.790
22-Dec-11,74.030
23-Dec-11,74.650
27-Dec-11,74.700
28-Dec-11,73.760
29-Dec-11,74.510
30-Dec-11,74.180
03-Jan-12,75.240
04-Jan-12,75.280
05-Jan-12,75.600
06-Jan-12,75.440
09-Jan-12,75.600
10-Jan-12,76.330
11-Jan-12,76.430
12-Jan-12,76.680
13-Jan-12,76.310
17-Jan-12,76.500
18-Jan-12,77.410
19-Jan-12,77.820
20-Jan-12,77.860
23-Jan-12,77.880
24-Jan-12,77.890
25-Jan-12,78.600
26-Jan-12,78.190
27-Jan-12,78.240
30-Jan-12,77.960
31-Jan-12,77.940
01-Feb-12,78.750
02-Feb-12,78.950
03-Feb-12,80.120
06-Feb-12,80.040
07-Feb-12,80.240
08-Feb-12,80.390
09-Feb-12,80.560
10-Feb-12,79.888
13-Feb-12,80.480
14-Feb-12,80.380
15-Feb-12,79.950
16-Feb-12,80.960
17-Feb-12,81.120
21-Feb-12,81.110
22-Feb-12,80.820
23-Feb-12,81.250
24-Feb-12,81.370
27-Feb-12,81.490
28-Feb-12,81.670
29-Feb-12,81.190
01-Mar-12,81.720
02-Mar-12,81.370
05-Mar-12,81.050
06-Mar-12,79.720
07-Mar-12,80.370
08-Mar-12,81.170
09-Mar-12,81.610
12-Mar-12,81.580
13-Mar-12,83.084
14-Mar-12,82.870
15-Mar-12,83.390
16-Mar-12,83.490
19-Mar-12,83.850
20-Mar-12,83.520
21-Mar-12,83.420
22-Mar-12,82.720
23-Mar-12,82.750
26-Mar-12,83.980
27-Mar-12,83.650
28-Mar-12,83.210
29-Mar-12,83.080
30-Mar-12,83.280
02-Apr-12,83.970
03-Apr-12,83.710
04-Apr-12,82.790
05-Apr-12,82.720
09-Apr-12,81.750
10-Apr-12,80.280
11-Apr-12,80.950
12-Apr-12,82.090
13-Apr-12,81.120
16-Apr-12,81.090
17-Apr-12,82.280
18-Apr-12,81.980
19-Apr-12,81.540
20-Apr-12,81.620
23-Apr-12,80.880
24-Apr-12,81.230
25-Apr-12,82.410
26-Apr-12,82.920
27-Apr-12,83.200
30-Apr-12,82.820
01-May-12,83.220
02-May-12,83.050
03-May-12,82.390
04-May-12,80.990
07-May-12,81.120
08-May-12,80.810
09-May-12,80.310
10-May-12,80.480
11-May-12,80.250
14-May-12,79.410
15-May-12,78.950
16-May-12,78.590
17-May-12,77.230
18-May-12,76.610
21-May-12,78.010
22-May-12,78.070
23-May-12,78.210
24-May-12,78.340
25-May-12,78.150
29-May-12,79.080
30-May-12,77.830
31-May-12,77.790
01-Jun-12,75.670
04-Jun-12,75.610
05-Jun-12,76.170
06-Jun-12,77.920
07-Jun-12,77.840
08-Jun-12,78.490
11-Jun-12,77.450
12-Jun-12,78.340
13-Jun-12,77.710
14-Jun-12,78.550
15-Jun-12,79.330
18-Jun-12,79.520
19-Jun-12,80.400
20-Jun-12,80.220
21-Jun-12,78.410
22-Jun-12,78.940
25-Jun-12,77.800
26-Jun-12,77.810
27-Jun-12,78.540
28-Jun-12,78.250
29-Jun-12,80.390
02-Jul-12,80.630
03-Jul-12,81.260
05-Jul-12,80.950
06-Jul-12,80.190
09-Jul-12,80.000
10-Jul-12,79.230
11-Jul-12,79.200
12-Jul-12,78.910
13-Jul-12,80.170
16-Jul-12,79.940
17-Jul-12,80.490
18-Jul-12,80.980
19-Jul-12,81.210
20-Jul-12,80.390
23-Jul-12,79.490
24-Jul-12,78.800
25-Jul-12,78.760
26-Jul-12,80.050
27-Jul-12,81.650
30-Jul-12,81.530
31-Jul-12,81.100
01-Aug-12,80.740
02-Aug-12,80.200
03-Aug-12,81.860
06-Aug-12,82.120
07-Aug-12,82.520
08-Aug-12,82.560
09-Aug-12,82.720
10-Aug-12,82.820
13-Aug-12,82.750
14-Aug-12,82.700
15-Aug-12,82.890
16-Aug-12,83.610
17-Aug-12,83.750
20-Aug-12,83.640
21-Aug-12,83.470
22-Aug-12,83.460
23-Aug-12,82.850
24-Aug-12,83.290
27-Aug-12,83.280
28-Aug-12,83.310
29-Aug-12,83.390
30-Aug-12,82.770
31-Aug-12,83.080
04-Sep-12,83.200
05-Sep-12,83.170
06-Sep-12,84.850
07-Sep-12,85.210
10-Sep-12,84.760
11-Sep-12,84.960
12-Sep-12,85.250
13-Sep-12,86.570
14-Sep-12,87.020
17-Sep-12,86.640
18-Sep-12,86.490
19-Sep-12,86.620
20-Sep-12,86.510
21-Sep-12,86.520
24-Sep-12,85.920
25-Sep-12,85.030
26-Sep-12,84.480
27-Sep-12,85.340
28-Sep-12,84.850
01-Oct-12,85.130
02-Oct-12,85.240
03-Oct-12,85.510
04-Oct-12,86.160
05-Oct-12,86.210
08-Oct-12,85.840
09-Oct-12,84.990
10-Oct-12,84.500
11-Oct-12,84.580
12-Oct-12,84.230
15-Oct-12,84.910
16-Oct-12,85.780
17-Oct-12,86.200
18-Oct-12,86.010
19-Oct-12,84.540
22-Oct-12,84.570
23-Oct-12,83.500
24-Oct-12,83.260
25-Oct-12,83.450
26-Oct-12,83.370
31-Oct-12,83.430
01-Nov-12,84.450
02-Nov-12,83.660
05-Nov-12,83.860
06-Nov-12,84.480
07-Nov-12,82.630
08-Nov-12,81.630
09-Nov-12,81.710
12-Nov-12,81.710
13-Nov-12,81.420
14-Nov-12,80.300
15-Nov-12,80.070
16-Nov-12,80.540
19-Nov-12,82.140
20-Nov-12,82.210
21-Nov-12,82.440
23-Nov-12,83.500
26-Nov-12,83.390
27-Nov-12,83.020
28-Nov-12,83.640
29-Nov-12,84.100
30-Nov-12,84.030
03-Dec-12,83.750
04-Dec-12,83.630
05-Dec-12,83.770
06-Dec-12,84.040
07-Dec-12,84.290
10-Dec-12,84.370
11-Dec-12,84.940
12-Dec-12,84.930
13-Dec-12,84.490
14-Dec-12,84.100
17-Dec-12,85.120
18-Dec-12,86.110
19-Dec-12,84.970
20-Dec-12,85.450
21-Dec-12,84.710
24-Dec-12,84.550
26-Dec-12,84.080
27-Dec-12,83.980
28-Dec-12,83.090
31-Dec-12,84.680
02-Jan-13,86.710
03-Jan-13,86.620
04-Jan-13,87.040
07-Jan-13,86.760
08-Jan-13,86.540
09-Jan-13,86.880
10-Jan-13,87.430
11-Jan-13,87.450
14-Jan-13,87.390
15-Jan-13,87.530
16-Jan-13,87.480
17-Jan-13,88.030
18-Jan-13,88.280
22-Jan-13,88.750
23-Jan-13,88.850
24-Jan-13,88.960
25-Jan-13,89.410
28-Jan-13,89.340
29-Jan-13,89.660
30-Jan-13,89.300
31-Jan-13,89.220
01-Feb-13,90.070
04-Feb-13,89.010
05-Feb-13,89.990
06-Feb-13,90.000
07-Feb-13,89.860
08-Feb-13,90.440
11-Feb-13,90.390
12-Feb-13,90.550
13-Feb-13,90.650
14-Feb-13,90.840
15-Feb-13,90.680
19-Feb-13,91.330
20-Feb-13,90.130
21-Feb-13,89.530
22-Feb-13,90.360
25-Feb-13,88.730
26-Feb-13,89.230
27-Feb-13,90.370
28-Feb-13,90.190
01-Mar-13,90.550
04-Mar-13,90.930
05-Mar-13,91.810
06-Mar-13,92.000
07-Mar-13,92.190
08-Mar-13,92.650
11-Mar-13,92.920
12-Mar-13,92.740
13-Mar-13,92.920
14-Mar-13,93.460
15-Mar-13,93.260
18-Mar-13,92.800
19-Mar-13,92.590
20-Mar-13,93.280
21-Mar-13,92.510
22-Mar-13,93.100
25-Mar-13,92.420
26-Mar-13,93.040
27-Mar-13,93.080
28-Mar-13,93.460
01-Apr-13,92.920
02-Apr-13,93.210
03-Apr-13,92.220
04-Apr-13,92.620
05-Apr-13,92.210
08-Apr-13,92.920
09-Apr-13,93.091
10-Apr-13,94.260
11-Apr-13,94.670
12-Apr-13,94.360
15-Apr-13,92.010
16-Apr-13,93.420
17-Apr-13,92.060
18-Apr-13,91.480
19-Apr-13,92.230
22-Apr-13,92.720
23-Apr-13,93.700
24-Apr-13,93.730
25-Apr-13,94.140
26-Apr-13,94.020
29-Apr-13,94.610
30-Apr-13,94.880
01-May-13,93.910
02-May-13,94.880
03-May-13,95.860
06-May-13,96.090
07-May-13,96.670
08-May-13,97.070
09-May-13,96.780
10-May-13,97.120
13-May-13,97.250
14-May-13,98.270
15-May-13,98.700
16-May-13,98.290
17-May-13,99.280
20-May-13,99.250
21-May-13,99.390
22-May-13,98.380
23-May-13,98.210
24-May-13,98.120
28-May-13,98.810
29-May-13,98.090
30-May-13,98.500
31-May-13,97.200
03-Jun-13,97.680
04-Jun-13,97.170
05-Jun-13,95.700
06-Jun-13,96.630
07-Jun-13,97.880
10-Jun-13,97.880
11-Jun-13,96.850
12-Jun-13,96.090
13-Jun-13,97.520
14-Jun-13,96.990
17-Jun-13,97.710
18-Jun-13,98.490
19-Jun-13,97.180
20-Jun-13,94.710
21-Jun-13,94.910
24-Jun-13,93.740
25-Jun-13,94.710
26-Jun-13,95.570
27-Jun-13,96.270
28-Jun-13,96.400
01-Jul-13,96.610
02-Jul-13,95.990
03-Jul-13,96.140
05-Jul-13,97.170
08-Jul-13,97.680
09-Jul-13,98.330
10-Jul-13,98.380
11-Jul-13,99.830
12-Jul-13,99.990
15-Jul-13,100.300
16-Jul-13,99.890
17-Jul-13,100.250
18-Jul-13,100.790
19-Jul-13,100.900
22-Jul-13,101.140
23-Jul-13,100.970
24-Jul-13,100.490
25-Jul-13,100.880
26-Jul-13,100.900
29-Jul-13,100.540
30-Jul-13,100.680
31-Jul-13,100.780
01-Aug-13,101.950
02-Aug-13,102.190
05-Aug-13,102.080
06-Aug-13,101.440
07-Aug-13,101.030
08-Aug-13,101.430
09-Aug-13,101.200
12-Aug-13,101.140
13-Aug-13,101.290
14-Aug-13,100.790
15-Aug-13,99.380
16-Aug-13,99.010
19-Aug-13,98.330
20-Aug-13,99.000
21-Aug-13,98.400
22-Aug-13,99.330
23-Aug-13,99.670
26-Aug-13,99.420
27-Aug-13,97.670
28-Aug-13,97.990
29-Aug-13,98.310
30-Aug-13,97.790
03-Sep-13,98.230
04-Sep-13,99.090
05-Sep-13,99.220
06-Sep-13,99.320
09-Sep-13,100.330
10-Sep-13,101.190
11-Sep-13,101.450
12-Sep-13,101.180
13-Sep-13,101.380
16-Sep-13,101.900
17-Sep-13,102.470
18-Sep-13,103.670
19-Sep-13,103.510
20-Sep-13,102.730
23-Sep-13,102.350
24-Sep-13,101.760
25-Sep-13,101.540
26-Sep-13,102.010
27-Sep-13,101.530
30-Sep-13,101.140
01-Oct-13,101.980
02-Oct-13,101.820
03-Oct-13,100.920
04-Oct-13,101.630
07-Oct-13,100.730
08-Oct-13,99.410
09-Oct-13,99.410
10-Oct-13,101.640
11-Oct-13,102.300
14-Oct-13,102.770
15-Oct-13,102.050
16-Oct-13,103.430
17-Oct-13,104.150
18-Oct-13,104.900
21-Oct-13,104.875
22-Oct-13,105.450
23-Oct-13,104.960
24-Oct-13,105.340
25-Oct-13,105.750
28-Oct-13,105.800
29-Oct-13,106.380
30-Oct-13,105.690
31-Oct-13,105.420
01-Nov-13,105.620
04-Nov-13,106.030
05-Nov-13,105.780
06-Nov-13,106.080
07-Nov-13,104.550
08-Nov-13,106.050
11-Nov-13,106.130
12-Nov-13,105.910
13-Nov-13,106.890
14-Nov-13,107.360
15-Nov-13,107.770
18-Nov-13,107.250
19-Nov-13,106.940
20-Nov-13,106.680
21-Nov-13,107.680
22-Nov-13,108.130
25-Nov-13,108.030
26-Nov-13,108.180
27-Nov-13,108.490
29-Nov-13,108.150
02-Dec-13,108.000
03-Dec-13,107.680
04-Dec-13,107.600
05-Dec-13,107.180
06-Dec-13,108.270
09-Dec-13,108.550
10-Dec-13,108.130
11-Dec-13,106.850
12-Dec-13,106.640
13-Dec-13,106.670
16-Dec-13,107.390
17-Dec-13,107.050
18-Dec-13,108.800
19-Dec-13,108.630
20-Dec-13,109.330
23-Dec-13,109.500
24-Dec-13,109.860
26-Dec-13,110.310
27-Dec-13,110.260
30-Dec-13,110.280
31-Dec-13,110.650
02-Jan-14,109.740
03-Jan-14,109.750
06-Jan-14,109.360
07-Jan-14,110.030
08-Jan-14,110.118
09-Jan-14,110.230
10-Jan-14,110.510
13-Jan-14,109.100
14-Jan-14,110.310
15-Jan-14,110.960
16-Jan-14,110.800
17-Jan-14,110.390
21-Jan-14,110.700
22-Jan-14,110.860
23-Jan-14,109.940
24-Jan-14,107.530
27-Jan-14,106.880
28-Jan-14,107.640
29-Jan-14,106.510
30-Jan-14,107.780
31-Jan-14,107.110
03-Feb-14,104.540
04-Feb-14,105.390
05-Feb-14,105.170
06-Feb-14,106.470
07-Feb-14,107.870
10-Feb-14,108.040
11-Feb-14,109.230
12-Feb-14,109.350
13-Feb-14,110.110
14-Feb-14,110.610
18-Feb-14,110.910
19-Feb-14,110.120
20-Feb-14,110.860
21-Feb-14,110.770
24-Feb-14,111.390
25-Feb-14,111.410
26-Feb-14,111.480
27-Feb-14,112.060
28-Feb-14,112.170
03-Mar-14,111.440
04-Mar-14,113.250
05-Mar-14,113.230
06-Mar-14,113.440
07-Mar-14,113.440
10-Mar-14,113.290
11-Mar-14,112.660
12-Mar-14,112.790
13-Mar-14,111.430
14-Mar-14,111.300
17-Mar-14,112.220
18-Mar-14,113.160
19-Mar-14,112.500
20-Mar-14,113.050
21-Mar-14,112.680
24-Mar-14,112.050
25-Mar-14,111.970
26-Mar-14,111.050
27-Mar-14,110.780
28-Mar-14,111.300
31-Mar-14,112.310
01-Apr-14,113.280
02-Apr-14,113.600
03-Apr-14,113.330
04-Apr-14,111.790
07-Apr-14,110.490
08-Apr-14,111.000
09-Apr-14,112.200
10-Apr-14,109.790
11-Apr-14,108.640
14-Apr-14,109.500
15-Apr-14,110.160
16-Apr-14,111.330
17-Apr-14,111.590
21-Apr-14,111.990
22-Apr-14,112.610
23-Apr-14,112.260
24-Apr-14,112.450
25-Apr-14,111.340
28-Apr-14,111.450
29-Apr-14,112.070
30-Apr-14,112.520
01-May-14,112.570
02-May-14,112.470
05-May-14,112.660
06-May-14,111.580
07-May-14,112.130
08-May-14,111.850
09-May-14,112.110
12-May-14,113.390
13-May-14,113.300
14-May-14,112.710
15-May-14,111.670
16-May-14,112.130
19-May-14,112.640
20-May-14,111.780
21-May-14,112.660
22-May-14,113.050
23-May-14,113.600
27-May-14,114.350
28-May-14,114.180
29-May-14,114.770
30-May-14,114.910
02-Jun-14,114.990
03-Jun-14,114.890
04-Jun-14,115.270
05-Jun-14,116.100
06-Jun-14,116.680
09-Jun-14,116.910
10-Jun-14,116.850
11-Jun-14,116.470
12-Jun-14,115.690
13-Jun-14,116.020
16-Jun-14,116.080
17-Jun-14,116.530
18-Jun-14,117.350
19-Jun-14,117.480
20-Jun-14,117.680
23-Jun-14,117.700
24-Jun-14,116.910
25-Jun-14,117.520
26-Jun-14,117.400
27-Jun-14,117.610
30-Jun-14,117.740
01-Jul-14,118.600
02-Jul-14,118.050
03-Jul-14,118.680
07-Jul-14,118.020
08-Jul-14,117.140
09-Jul-14,117.640
10-Jul-14,117.120
11-Jul-14,117.220
14-Jul-14,117.770
15-Jul-14,117.480
16-Jul-14,117.810
17-Jul-14,116.460
18-Jul-14,117.690
21-Jul-14,117.410
22-Jul-14,118.000
23-Jul-14,118.280
24-Jul-14,118.290
25-Jul-14,117.660
28-Jul-14,117.610
29-Jul-14,117.210
30-Jul-14,117.290
31-Jul-14,114.880
01-Aug-14,114.600
04-Aug-14,115.430
05-Aug-14,114.450
06-Aug-14,114.470
07-Aug-14,113.880
08-Aug-14,115.130
11-Aug-14,115.570
12-Aug-14,115.360
13-Aug-14,116.200
14-Aug-14,116.680
15-Aug-14,116.720
18-Aug-14,117.780
19-Aug-14,118.360
20-Aug-14,118.590
21-Aug-14,118.910
22-Aug-14,118.710
25-Aug-14,119.280
26-Aug-14,119.540
27-Aug-14,119.460
28-Aug-14,119.300
29-Aug-14,119.770
02-Sep-14,119.770
03-Sep-14,119.630
04-Sep-14,119.380
05-Sep-14,119.942
08-Sep-14,119.720
09-Sep-14,118.880
10-Sep-14,119.340
11-Sep-14,119.510
12-Sep-14,118.740
15-Sep-14,118.450
16-Sep-14,119.320
17-Sep-14,119.410
18-Sep-14,120.050
19-Sep-14,119.810
22-Sep-14,118.720
23-Sep-14,117.970
24-Sep-14,118.470
25-Sep-14,116.580
26-Sep-14,117.530
29-Sep-14,117.280
30-Sep-14,116.790
01-Oct-14,115.220
02-Oct-14,115.360
03-Oct-14,116.550
06-Oct-14,116.300
07-Oct-14,114.540
08-Oct-14,116.440
09-Oct-14,114.020
10-Oct-14,112.640
13-Oct-14,110.850
14-Oct-14,111.210
15-Oct-14,110.560
16-Oct-14,110.790
17-Oct-14,112.040
20-Oct-14,113.160
21-Oct-14,115.400
22-Oct-14,114.460
23-Oct-14,115.900
24-Oct-14,116.660
27-Oct-14,116.480
28-Oct-14,118.040
29-Oct-14,117.830
30-Oct-14,118.500
31-Oct-14,119.950
03-Nov-14,119.960
04-Nov-14,119.560
05-Nov-14,120.170
06-Nov-14,120.700
07-Nov-14,120.810
10-Nov-14,121.180
11-Nov-14,121.280
12-Nov-14,121.300
13-Nov-14,121.220
14-Nov-14,121.300
17-Nov-14,121.240
18-Nov-14,121.960
19-Nov-14,121.640
20-Nov-14,122.020
21-Nov-14,122.590
24-Nov-14,123.090
25-Nov-14,123.050
26-Nov-14,123.340
28-Nov-14,122.920
01-Dec-14,121.880
02-Dec-14,122.660
03-Dec-14,123.270
04-Dec-14,123.080
05-Dec-14,123.360
08-Dec-14,122.440
09-Dec-14,122.540
10-Dec-14,120.520
11-Dec-14,121.060
12-Dec-14,119.150
15-Dec-14,118.310
16-Dec-14,117.480
17-Dec-14,119.990
18-Dec-14,122.720
19-Dec-14,123.240
22-Dec-14,123.810
23-Dec-14,123.870
24-Dec-14,123.470
26-Dec-14,123.920
29-Dec-14,124.130
30-Dec-14,123.510
31-Dec-14,122.290
02-Jan-15,122.190
05-Jan-15,120.110
06-Jan-15,118.830
07-Jan-15,120.340
08-Jan-15,122.490
09-Jan-15,121.430
12-Jan-15,120.570
13-Jan-15,120.290
14-Jan-15,119.580
15-Jan-15,118.420
16-Jan-15,119.960
20-Jan-15,120.100
21-Jan-15,120.700
22-Jan-15,122.540
23-Jan-15,121.940
26-Jan-15,122.480
27-Jan-15,120.980
28-Jan-15,119.370
29-Jan-15,120.520
30-Jan-15,118.960
02-Feb-15,120.270
03-Feb-15,122.080
04-Feb-15,121.650
05-Feb-15,122.950
06-Feb-15,122.610
09-Feb-15,122.020
10-Feb-15,123.250
11-Feb-15,123.300
12-Feb-15,124.510
13-Feb-15,125.090
17-Feb-15,125.250
18-Feb-15,125.340
19-Feb-15,125.290
20-Feb-15,126.040
23-Feb-15,126.010
24-Feb-15,126.300
25-Feb-15,126.250
26-Feb-15,126.160
27-Feb-15,125.680
02-Mar-15,126.530
03-Mar-15,126.030
04-Mar-15,125.420
05-Mar-15,125.550
06-Mar-15,123.890
09-Mar-15,124.420
10-Mar-15,122.470
11-Mar-15,122.370
12-Mar-15,123.900
13-Mar-15,123.270
16-Mar-15,124.790
17-Mar-15,124.570
18-Mar-15,125.980
19-Mar-15,125.540
20-Mar-15,126.620
23-Mar-15,126.380
24-Mar-15,125.660
25-Mar-15,123.240
26-Mar-15,122.950
27-Mar-15,123.360
30-Mar-15,124.870
31-Mar-15,123.850
01-Apr-15,123.550
02-Apr-15,123.920
06-Apr-15,124.720
07-Apr-15,124.360
08-Apr-15,124.860
09-Apr-15,125.250
10-Apr-15,125.900
13-Apr-15,125.380
14-Apr-15,125.570
15-Apr-15,126.200
16-Apr-15,126.120
17-Apr-15,124.620
20-Apr-15,125.730
21-Apr-15,125.640
22-Apr-15,126.170
23-Apr-15,126.580
24-Apr-15,126.740
27-Apr-15,126.110
28-Apr-15,126.430
29-Apr-15,125.840
30-Apr-15,124.470
01-May-15,125.730
04-May-15,126.090
05-May-15,124.550
06-May-15,124.290
07-May-15,124.710
08-May-15,126.230
11-May-15,125.760
12-May-15,125.470
13-May-15,125.430
14-May-15,126.730
15-May-15,126.840
18-May-15,127.360
19-May-15,127.270
20-May-15,127.200
21-May-15,127.510
22-May-15,127.230
26-May-15,125.900
27-May-15,127.120
28-May-15,126.940
29-May-15,126.185
01-Jun-15,126.430
02-Jun-15,126.350
03-Jun-15,126.780
04-Jun-15,125.740
05-Jun-15,125.650
08-Jun-15,124.890
09-Jun-15,124.800
10-Jun-15,126.280
11-Jun-15,126.670
12-Jun-15,125.840
15-Jun-15,125.300
16-Jun-15,125.940
17-Jun-15,126.150
18-Jun-15,127.450
19-Jun-15,126.730
22-Jun-15,127.640
23-Jun-15,127.710
24-Jun-15,126.730
25-Jun-15,126.350
26-Jun-15,126.320
29-Jun-15,123.580
30-Jun-15,123.980
01-Jul-15,124.890
02-Jul-15,124.080
06-Jul-15,123.750
07-Jul-15,124.460
08-Jul-15,122.370
09-Jul-15,122.630
10-Jul-15,124.160
13-Jul-15,125.500
14-Jul-15,126.090
15-Jul-15,125.850
16-Jul-15,126.810
17-Jul-15,126.840
20-Jul-15,126.810
21-Jul-15,126.270
22-Jul-15,126.100
23-Jul-15,125.340
24-Jul-15,124.030
27-Jul-15,123.180
28-Jul-15,124.670
29-Jul-15,125.540
30-Jul-15,125.650
31-Jul-15,125.550
03-Aug-15,125.080
04-Aug-15,124.850
05-Aug-15,125.280
06-Aug-15,124.220
07-Aug-15,123.940
10-Aug-15,125.440
11-Aug-15,124.290
12-Aug-15,124.370
13-Aug-15,124.250
14-Aug-15,124.720
17-Aug-15,125.530
18-Aug-15,125.120
19-Aug-15,124.070
20-Aug-15,121.390
21-Aug-15,117.810
24-Aug-15,113.210
25-Aug-15,111.890
26-Aug-15,115.830
27-Aug-15,118.640
28-Aug-15,118.830
31-Aug-15,117.860
01-Sep-15,114.350
02-Sep-15,116.520
03-Sep-15,116.670
04-Sep-15,115.000
08-Sep-15,117.870
09-Sep-15,116.300
10-Sep-15,116.900
11-Sep-15,117.410
14-Sep-15,116.960
15-Sep-15,118.440
16-Sep-15,119.470
17-Sep-15,119.330
18-Sep-15,117.390
21-Sep-15,117.850
22-Sep-15,116.290
23-Sep-15,116.040
24-Sep-15,115.630
25-Sep-15,114.900
28-Sep-15,111.850
29-Sep-15,111.830
30-Sep-15,113.890
01-Oct-15,114.160
02-Oct-15,115.830
05-Oct-15,118.000
06-Oct-15,117.510
07-Oct-15,118.610
08-Oct-15,119.680
09-Oct-15,119.810
12-Oct-15,119.820
13-Oct-15,118.930
14-Oct-15,118.280
15-Oct-15,120.230
16-Oct-15,120.610
19-Oct-15,120.700
20-Oct-15,120.570
21-Oct-15,119.630
22-Oct-15,121.450
23-Oct-15,122.660
26-Oct-15,122.350
27-Oct-15,121.990
28-Oct-15,123.710
29-Oct-15,123.530
30-Oct-15,122.980
02-Nov-15,124.550
03-Nov-15,124.840
04-Nov-15,124.560
05-Nov-15,124.400
06-Nov-15,124.440
09-Nov-15,123.230
10-Nov-15,123.540
11-Nov-15,122.980
12-Nov-15,121.220
13-Nov-15,119.920
16-Nov-15,121.620
17-Nov-15,121.470
18-Nov-15,123.430
19-Nov-15,123.240
20-Nov-15,123.740
23-Nov-15,123.680
24-Nov-15,123.970
25-Nov-15,124.090
27-Nov-15,124.240
30-Nov-15,123.690
01-Dec-15,124.840
02-Dec-15,123.580
03-Dec-15,121.750
04-Dec-15,123.990
07-Dec-15,123.020
08-Dec-15,122.290
09-Dec-15,121.280
10-Dec-15,121.550
11-Dec-15,119.200
14-Dec-15,119.560
15-Dec-15,120.910
16-Dec-15,122.640
17-Dec-15,120.840
18-Dec-15,118.850
21-Dec-15,119.680
22-Dec-15,120.820
23-Dec-15,122.330
24-Dec-15,121.500
28-Dec-15,121.220
29-Dec-15,122.360
30-Dec-15,121.440
31-Dec-15,120.310
04-Jan-16,118.380
05-Jan-16,118.670
06-Jan-16,117.070
07-Jan-16,114.270
08-Jan-16,112.960
11-Jan-16,112.870
12-Jan-16,113.690
13-Jan-16,110.710
14-Jan-16,112.470
15-Jan-16,110.100
19-Jan-16,109.970
20-Jan-16,108.850
21-Jan-16,109.308
22-Jan-16,111.660
25-Jan-16,109.820
26-Jan-16,111.490
27-Jan-16,110.170
28-Jan-16,110.650
29-Jan-16,113.430
01-Feb-16,113.440
02-Feb-16,111.280
03-Feb-16,111.870
04-Feb-16,112.110
05-Feb-16,109.920
08-Feb-16,108.180
09-Feb-16,108.010
10-Feb-16,108.010
11-Feb-16,106.670
12-Feb-16,108.790
16-Feb-16,110.750
17-Feb-16,112.670
18-Feb-16,112.210
19-Feb-16,112.200
22-Feb-16,113.850
23-Feb-16,112.450
24-Feb-16,113.020
25-Feb-16,114.420
26-Feb-16,114.260
29-Feb-16,113.430
01-Mar-16,116.080
02-Mar-16,116.710
03-Mar-16,117.290
04-Mar-16,117.740
07-Mar-16,118.000
08-Mar-16,116.430
09-Mar-16,117.040
10-Mar-16,116.850
11-Mar-16,118.980
14-Mar-16,118.810
15-Mar-16,118.390
16-Mar-16,119.180
17-Mar-16,120.040
18-Mar-16,120.680
21-Mar-16,120.710
22-Mar-16,120.700
23-Mar-16,119.120
24-Mar-16,119.120
28-Mar-16,119.170
29-Mar-16,120.540
30-Mar-16,121.000
31-Mar-16,120.860
01-Apr-16,121.560
04-Apr-16,121.120
05-Apr-16,119.880
06-Apr-16,121.270
07-Apr-16,119.740
08-Apr-16,120.110
11-Apr-16,119.860
12-Apr-16,120.950
13-Apr-16,122.370
14-Apr-16,122.340
15-Apr-16,122.310
18-Apr-16,123.160
19-Apr-16,123.430
20-Apr-16,123.640
21-Apr-16,122.950
22-Apr-16,123.140
25-Apr-16,122.810
26-Apr-16,123.180
27-Apr-16,123.400
28-Apr-16,122.270
29-Apr-16,121.140
02-May-16,122.510
03-May-16,121.330
04-May-16,120.620
05-May-16,120.510
06-May-16,120.980
09-May-16,121.130
10-May-16,122.540
11-May-16,121.480
12-May-16,121.320
13-May-16,120.310
16-May-16,121.560
17-May-16,120.420
18-May-16,120.430
19-May-16,119.950
20-May-16,120.910
23-May-16,120.650
24-May-16,122.330
25-May-16,123.200
26-May-16,123.190
27-May-16,123.720
31-May-16,123.720
01-Jun-16,124.000
02-Jun-16,124.460
03-Jun-16,123.980
06-Jun-16,124.750
07-Jun-16,124.960
08-Jun-16,125.380
09-Jun-16,125.110
10-Jun-16,123.880
13-Jun-16,122.860
14-Jun-16,122.560
15-Jun-16,122.480
16-Jun-16,122.800
17-Jun-16,122.390
20-Jun-16,123.210
21-Jun-16,123.490
22-Jun-16,123.200
23-Jun-16,124.920
24-Jun-16,120.300
27-Jun-16,117.990
28-Jun-16,120.100
29-Jun-16,122.220
30-Jun-16,124.020
01-Jul-16,124.230
05-Jul-16,123.300
06-Jul-16,123.360
07-Jul-16,123.360
08-Jul-16,125.300
11-Jul-16,125.850
12-Jul-16,126.840
13-Jul-16,126.810
14-Jul-16,127.380
15-Jul-16,127.260
18-Jul-16,127.580
19-Jul-16,127.380
20-Jul-16,127.950
21-Jul-16,127.490
22-Jul-16,128.110
25-Jul-16,127.760
26-Jul-16,127.900
27-Jul-16,127.760
28-Jul-16,127.970
29-Jul-16,128.210
01-Aug-16,128.050
02-Aug-16,127.100
03-Aug-16,127.640
04-Aug-16,127.700
05-Aug-16,128.780
08-Aug-16,128.750
09-Aug-16,128.780
10-Aug-16,128.470
11-Aug-16,129.000
12-Aug-16,128.930
15-Aug-16,129.480
16-Aug-16,128.660
17-Aug-16,128.820
18-Aug-16,129.210
19-Aug-16,129.010
22-Aug-16,129.010
23-Aug-16,129.360
24-Aug-16,128.680
25-Aug-16,128.670
26-Aug-16,128.320
29-Aug-16,129.040
30-Aug-16,128.810
31-Aug-16,128.440
01-Sep-16,128.450
02-Sep-16,129.260
06-Sep-16,129.560
07-Sep-16,129.660
08-Sep-16,129.460
09-Sep-16,126.120
12-Sep-16,127.940
13-Sep-16,125.940
14-Sep-16,125.930
15-Sep-16,127.240
16-Sep-16,126.740
19-Sep-16,126.890
20-Sep-16,126.830
21-Sep-16,128.240
22-Sep-16,129.250
23-Sep-16,128.530
26-Sep-16,126.970
27-Sep-16,127.730
28-Sep-16,128.410
29-Sep-16,127.220
30-Sep-16,128.190
03-Oct-16,127.750
04-Oct-16,127.170
05-Oct-16,127.800
06-Oct-16,127.750
07-Oct-16,127.290
10-Oct-16,128.000
11-Oct-16,126.300
12-Oct-16,126.440
13-Oct-16,126.010
14-Oct-16,125.970
17-Oct-16,125.640
18-Oct-16,126.370
19-Oct-16,126.780
20-Oct-16,126.510
21-Oct-16,126.550
24-Oct-16,127.110
25-Oct-16,126.550
26-Oct-16,126.200
27-Oct-16,125.760
28-Oct-16,125.360
31-Oct-16,125.410
01-Nov-16,124.520
02-Nov-16,123.590
03-Nov-16,123.110
04-Nov-16,123.070
07-Nov-16,125.720
08-Nov-16,126.290
09-Nov-16,127.930
10-Nov-16,128.220
11-Nov-16,128.350
14-Nov-16,128.720
15-Nov-16,129.670
16-Nov-16,129.520
17-Nov-16,130.150
18-Nov-16,129.950
21-Nov-16,130.910
22-Nov-16,131.250
23-Nov-16,131.500
25-Nov-16,131.950
28-Nov-16,131.200
29-Nov-16,131.420
30-Nov-16,131.150
01-Dec-16,130.530
02-Dec-16,130.650
05-Dec-16,131.460
06-Dec-16,132.170
07-Dec-16,133.810
08-Dec-16,134.360
09-Dec-16,134.950
12-Dec-16,134.680
13-Dec-16,135.430
14-Dec-16,134.220
15-Dec-16,134.800
16-Dec-16,134.680
19-Dec-16,134.920
20-Dec-16,135.500
21-Dec-16,135.130
22-Dec-16,134.010
23-Dec-16,134.300
27-Dec-16,134.590
28-Dec-16,133.470
29-Dec-16,133.490
30-Dec-16,132.980
03-Jan-17,133.930
04-Jan-17,135.000
05-Jan-17,134.750
06-Jan-17,135.240
09-Jan-17,134.700
10-Jan-17,134.820
11-Jan-17,135.190
12-Jan-17,134.830
13-Jan-17,135.180
17-Jan-17,134.600
18-Jan-17,134.850
19-Jan-17,134.330
20-Jan-17,134.860
23-Jan-17,134.510
24-Jan-17,135.490
25-Jan-17,136.620
26-Jan-17,136.460
27-Jan-17,136.210
30-Jan-17,135.290
31-Jan-17,135.380
01-Feb-17,135.420
02-Feb-17,135.480
03-Feb-17,136.560
06-Feb-17,136.220
07-Feb-17,136.190
08-Feb-17,136.310
09-Feb-17,137.220
10-Feb-17,137.790
13-Feb-17,138.520
14-Feb-17,139.070
15-Feb-17,139.730
16-Feb-17,139.640
17-Feb-17,139.800
21-Feb-17,140.700
22-Feb-17,140.490
23-Feb-17,140.450
24-Feb-17,140.620
27-Feb-17,141.000
28-Feb-17,140.390
01-Mar-17,142.340
02-Mar-17,141.380
03-Mar-17,141.470
06-Mar-17,140.980
07-Mar-17,140.470
08-Mar-17,140.120
09-Mar-17,140.100
10-Mar-17,140.620
13-Mar-17,140.750
14-Mar-17,140.250
15-Mar-17,141.500
16-Mar-17,141.380
17-Mar-17,141.250
20-Mar-17,140.960
21-Mar-17,138.950
22-Mar-17,139.230
23-Mar-17,139.140
24-Mar-17,138.570
27-Mar-17,138.380
28-Mar-17,139.410
29-Mar-17,139.640
30-Mar-17,140.130
31-Mar-17,139.900
03-Apr-17,139.580
04-Apr-17,139.590
05-Apr-17,139.040
06-Apr-17,139.500
07-Apr-17,139.390
10-Apr-17,139.480
11-Apr-17,139.520
12-Apr-17,138.760
13-Apr-17,137.790
17-Apr-17,139.060
18-Apr-17,138.710
19-Apr-17,138.590
20-Apr-17,139.720
21-Apr-17,139.300
24-Apr-17,140.790
25-Apr-17,141.670
26-Apr-17,141.740
27-Apr-17,141.790
28-Apr-17,141.340
01-May-17,141.690
02-May-17,141.680
03-May-17,141.460
04-May-17,141.480
05-May-17,142.180
08-May-17,142.030
09-May-17,141.930
10-May-17,142.220
11-May-17,141.860
12-May-17,141.570
15-May-17,142.370
16-May-17,142.240
17-May-17,139.640
18-May-17,140.100
19-May-17,141.080
22-May-17,141.800
23-May-17,142.110
24-May-17,142.460
25-May-17,143.040
26-May-17,143.040
30-May-17,142.820
31-May-17,142.740
01-Jun-17,144.060
02-Jun-17,144.600
05-Jun-17,144.410
06-Jun-17,143.990
07-Jun-17,144.190
08-Jun-17,144.440
09-Jun-17,144.320
12-Jun-17,144.230
13-Jun-17,145.010
14-Jun-17,144.760
15-Jun-17,144.450
16-Jun-17,144.450
19-Jun-17,145.590
20-Jun-17,144.550
21-Jun-17,144.460
22-Jun-17,144.430
23-Jun-17,144.720
26-Jun-17,144.870
27-Jun-17,143.740
28-Jun-17,145.030
29-Jun-17,143.860
30-Jun-17,144.020
03-Jul-17,144.440
05-Jul-17,144.580
06-Jul-17,142.560
07-Jul-17,143.500
10-Jul-17,143.600
11-Jul-17,143.540
12-Jul-17,144.640
13-Jul-17,144.880
14-Jul-17,145.450
17-Jul-17,145.510
18-Jul-17,145.520
19-Jul-17,146.390
20-Jul-17,146.460
21-Jul-17,146.280
24-Jul-17,146.320
25-Jul-17,146.790
26-Jul-17,146.690
27-Jul-17,146.440
28-Jul-17,146.210
31-Jul-17,146.120
01-Aug-17,146.390
02-Aug-17,146.290
03-Aug-17,146.010
04-Aug-17,146.290
07-Aug-17,146.580
08-Aug-17,146.170
09-Aug-17,145.980
10-Aug-17,143.900
11-Aug-17,144.150
14-Aug-17,145.610
15-Aug-17,145.480
16-Aug-17,145.750
17-Aug-17,143.460
18-Aug-17,143.200
21-Aug-17,143.360
22-Aug-17,144.790
23-Aug-17,144.380
24-Aug-17,144.140
25-Aug-17,144.480
28-Aug-17,144.540
29-Aug-17,144.610
30-Aug-17,145.390
31-Aug-17,146.290
01-Sep-17,146.680
05-Sep-17,145.580
06-Sep-17,145.990
07-Sep-17,145.880
08-Sep-17,145.790
11-Sep-17,147.310
12-Sep-17,147.890
13-Sep-17,148.000
14-Sep-17,147.940
15-Sep-17,148.200
18-Sep-17,148.600
19-Sep-17,148.680
20-Sep-17,148.850
21-Sep-17,148.490
22-Sep-17,148.570
25-Sep-17,148.330
26-Sep-17,147.760
27-Sep-17,148.550
28-Sep-17,148.760
29-Sep-17,149.280
02-Oct-17,150.050
03-Oct-17,150.360
04-Oct-17,150.500
05-Oct-17,151.310
06-Oct-17,151.170
09-Oct-17,150.880
10-Oct-17,151.250
11-Oct-17,151.450
12-Oct-17,151.230
13-Oct-17,151.370
16-Oct-17,151.530
17-Oct-17,151.610
18-Oct-17,151.800
19-Oct-17,151.840
20-Oct-17,152.580
23-Oct-17,151.930
24-Oct-17,152.160
25-Oct-17,151.390
26-Oct-17,151.620
27-Oct-17,152.830
30-Oct-17,152.180
31-Oct-17,152.510
01-Nov-17,152.610
02-Nov-17,152.650
03-Nov-17,153.100
06-Nov-17,153.390
07-Nov-17,153.080
08-Nov-17,153.350
09-Nov-17,152.760
10-Nov-17,152.750
13-Nov-17,152.850
14-Nov-17,152.510
15-Nov-17,151.750
16-Nov-17,153.160
17-Nov-17,152.910
20-Nov-17,153.270
21-Nov-17,154.290
22-Nov-17,154.190
24-Nov-17,154.550
27-Nov-17,154.370
28-Nov-17,155.950
29-Nov-17,155.930
30-Nov-17,157.060
01-Dec-17,156.780
04-Dec-17,156.550
05-Dec-17,155.910
06-Dec-17,155.830
07-Dec-17,156.420
08-Dec-17,157.220
11-Dec-17,157.620
12-Dec-17,157.810
13-Dec-17,157.810
14-Dec-17,157.070
15-Dec-17,158.450
18-Dec-17,159.560
19-Dec-17,158.920
20-Dec-17,158.910
21-Dec-17,158.600
22-Dec-17,158.540
26-Dec-17,158.390
27-Dec-17,158.470
28-Dec-17,158.860
29-Dec-17,158.170
02-Jan-18,159.370
03-Jan-18,160.210
04-Jan-18,160.880
05-Jan-18,161.820
08-Jan-18,162.140
09-Jan-18,162.420
10-Jan-18,162.190
11-Jan-18,163.520
12-Jan-18,164.500
16-Jan-18,163.810
17-Jan-18,165.280
18-Jan-18,164.950
19-Jan-18,165.890
22-Jan-18,167.170
23-Jan-18,167.580
24-Jan-18,167.400
25-Jan-18,167.450
26-Jan-18,169.170
29-Jan-18,168.060
30-Jan-18,166.340
31-Jan-18,166.360
01-Feb-18,166.300
02-Feb-18,162.750
05-Feb-18,156.360
06-Feb-18,158.940
07-Feb-18,158.190
08-Feb-18,152.470
09-Feb-18,154.590
12-Feb-18,156.700
13-Feb-18,157.170
14-Feb-18,159.390
15-Feb-18,161.340
16-Feb-18,161.460
20-Feb-18,160.450
21-Feb-18,159.680
22-Feb-18,159.810
23-Feb-18,162.350
26-Feb-18,164.030
27-Feb-18,161.970
28-Feb-18,160.200
01-Mar-18,158.280
02-Mar-18,159.300
05-Mar-18,161.080
06-Mar-18,161.660
07-Mar-18,161.750
08-Mar-18,162.360
09-Mar-18,165.040
12-Mar-18,164.990
13-Mar-18,163.960
14-Mar-18,163.140
15-Mar-18,162.870
16-Mar-18,163.170
19-Mar-18,161.090
20-Mar-18,161.300
21-Mar-18,161.160
22-Mar-18,156.590
23-Mar-18,153.260
26-Mar-18,157.320
27-Mar-18,154.610
28-Mar-18,154.190
29-Mar-18,156.340
02-Apr-18,152.770
03-Apr-18,154.660
04-Apr-18,156.470
05-Apr-18,157.540
06-Apr-18,154.190
09-Apr-18,154.700
10-Apr-18,157.250
11-Apr-18,156.600
12-Apr-18,157.750
13-Apr-18,157.290
16-Apr-18,158.610
17-Apr-18,160.290
18-Apr-18,160.500
19-Apr-18,159.600
20-Apr-18,158.300
23-Apr-18,158.280
24-Apr-18,156.330
25-Apr-18,156.540
26-Apr-18,158.050
27-Apr-18,158.110
30-Apr-18,156.840
01-May-18,157.280
02-May-18,156.390
03-May-18,155.960
04-May-18,158.000
07-May-18,158.660
08-May-18,158.770
09-May-18,160.200
10-May-18,161.610
11-May-18,161.900
14-May-18,162.040
15-May-18,161.000
16-May-18,161.810
17-May-18,161.790
18-May-18,161.490
21-May-18,162.660
22-May-18,162.080
23-May-18,162.550
24-May-18,162.220
25-May-18,161.920
29-May-18,160.290
30-May-18,162.410
31-May-18,161.240
01-Jun-18,162.870
04-Jun-18,163.720
05-Jun-18,164.000
06-Jun-18,165.350
07-Jun-18,165.230
08-Jun-18,165.750
11-Jun-18,165.900
12-Jun-18,166.240
13-Jun-18,165.590
14-Jun-18,166.170
15-Jun-18,165.980
18-Jun-18,165.820
19-Jun-18,165.220
20-Jun-18,165.660
21-Jun-18,164.480
22-Jun-18,164.720
25-Jun-18,162.380
26-Jun-18,162.780
27-Jun-18,161.180
28-Jun-18,162.180
29-Jun-18,162.290
02-Jul-18,162.810
03-Jul-18,161.640
05-Jul-18,163.060
06-Jul-18,164.400
09-Jul-18,165.860
10-Jul-18,166.320
11-Jul-18,165.150
12-Jul-18,166.460
13-Jul-18,166.590
16-Jul-18,166.340
17-Jul-18,167.070
18-Jul-18,167.410
19-Jul-18,167.030
20-Jul-18,166.770
23-Jul-18,167.020
24-Jul-18,167.330
25-Jul-18,168.550
26-Jul-18,168.420
27-Jul-18,167.080
30-Jul-18,166.040
31-Jul-18,167.030
01-Aug-18,166.870
02-Aug-18,167.830
03-Aug-18,168.420
06-Aug-18,169.110
07-Aug-18,169.640
08-Aug-18,169.540
09-Aug-18,169.430
10-Aug-18,168.390
13-Aug-18,167.660
14-Aug-18,168.860
15-Aug-18,167.450
16-Aug-18,168.810
17-Aug-18,169.390
20-Aug-18,169.790
21-Aug-18,170.370
22-Aug-18,170.450
23-Aug-18,170.110
24-Aug-18,171.150
27-Aug-18,172.360
28-Aug-18,172.440
29-Aug-18,173.380
30-Aug-18,172.700
31-Aug-18,172.780
04-Sep-18,172.550
05-Sep-18,172.000
06-Sep-18,171.400
07-Sep-18,171.010
10-Sep-18,171.380
11-Sep-18,171.960
12-Sep-18,171.960
13-Sep-18,172.820
14-Sep-18,173.000
17-Sep-18,171.830
18-Sep-18,172.790
19-Sep-18,172.840
20-Sep-18,174.150
21-Sep-18,173.980
24-Sep-18,173.390
25-Sep-18,173.250
26-Sep-18,171.810
27-Sep-18,172.260
28-Sep-18,172.300
01-Oct-18,172.560
02-Oct-18,172.320
03-Oct-18,172.640
04-Oct-18,171.070
05-Oct-18,170.070
08-Oct-18,169.860
09-Oct-18,169.580
10-Oct-18,164.140
11-Oct-18,160.730
12-Oct-18,162.760
15-Oct-18,162.070
16-Oct-18,165.660
17-Oct-18,165.560
18-Oct-18,163.190
19-Oct-18,162.810
22-Oct-18,162.140
23-Oct-18,161.180
24-Oct-18,156.160
25-Oct-18,159.050
26-Oct-18,156.350
29-Oct-18,155.470
30-Oct-18,157.870
31-Oct-18,159.590
01-Nov-18,161.400
02-Nov-18,160.700
05-Nov-18,161.430
06-Nov-18,162.420
07-Nov-18,165.720
08-Nov-18,165.380
09-Nov-18,163.650
12-Nov-18,160.510
13-Nov-18,160.300
14-Nov-18,159.120
15-Nov-18,161.200
16-Nov-18,161.310
19-Nov-18,158.440
20-Nov-18,155.570
21-Nov-18,156.350
23-Nov-18,155.510
26-Nov-18,157.890
27-Nov-18,158.110
28-Nov-18,161.770
29-Nov-18,161.520
30-Nov-18,162.620
03-Dec-18,164.610
04-Dec-18,159.270
06-Dec-18,158.950
07-Dec-18,155.300
10-Dec-18,155.440
11-Dec-18,155.370
12-Dec-18,156.310
13-Dec-18,155.960
14-Dec-18,153.190
17-Dec-18,149.070
18-Dec-18,149.060
19-Dec-18,146.690
20-Dec-18,144.400
21-Dec-18,141.300
24-Dec-18,137.690
26-Dec-18,144.530
27-Dec-18,145.630
28-Dec-18,145.580
31-Dec-18,146.920
02-Jan-19,146.970
03-Jan-19,143.500
04-Jan-19,148.380
07-Jan-19,149.810
08-Jan-19,151.360
09-Jan-19,152.160
10-Jan-19,152.830
11-Jan-19,152.780
14-Jan-19,151.860
15-Jan-19,153.480
16-Jan-19,153.970
17-Jan-19,155.210
18-Jan-19,157.130
22-Jan-19,155.030
23-Jan-19,155.210
24-Jan-19,155.560
25-Jan-19,156.940
28-Jan-19,155.870
29-Jan-19,155.670
30-Jan-19,157.970
31-Jan-19,159.390
01-Feb-19,159.640
04-Feb-19,160.790
05-Feb-19,161.440
06-Feb-19,161.170
07-Feb-19,159.740
08-Feb-19,159.900
11-Feb-19,160.190
12-Feb-19,162.220
13-Feb-19,162.730
14-Feb-19,162.460
15-Feb-19,164.240
19-Feb-19,164.530
20-Feb-19,164.830
21-Feb-19,164.290
22-Feb-19,165.370
25-Feb-19,165.590
26-Feb-19,165.330
27-Feb-19,165.360
28-Feb-19,164.980
01-Mar-19,166.120
04-Mar-19,165.380
05-Mar-19,165.050
06-Mar-19,163.800
07-Mar-19,162.480
08-Mar-19,162.190
11-Mar-19,164.540
12-Mar-19,165.110
13-Mar-19,166.100
14-Mar-19,166.010
15-Mar-19,166.750
18-Mar-19,167.460
19-Mar-19,167.350
20-Mar-19,166.120
21-Mar-19,168.060
22-Mar-19,164.520
25-Mar-19,164.430
26-Mar-19,165.660
27-Mar-19,164.950
28-Mar-19,165.660
29-Mar-19,166.700
01-Apr-19,168.630
02-Apr-19,168.610
03-Apr-19,169.040
04-Apr-19,169.400
05-Apr-19,170.300
08-Apr-19,170.420
09-Apr-19,169.380
10-Apr-19,170.140
11-Apr-19,170.180
12-Apr-19,171.290
15-Apr-19,171.130
16-Apr-19,171.240
17-Apr-19,170.660
18-Apr-19,170.920
22-Apr-19,170.950
23-Apr-19,172.640
24-Apr-19,172.340
25-Apr-19,172.080
26-Apr-19,172.990
29-Apr-19,173.260
30-Apr-19,173.240
01-May-19,171.990
02-May-19,171.750
03-May-19,173.550
06-May-19,172.970
07-May-19,170.010
08-May-19,169.730
09-May-19,169.320
10-May-19,170.060
13-May-19,165.630
14-May-19,167.130
15-May-19,168.110
16-May-19,169.670
17-May-19,168.450
20-May-19,167.300
21-May-19,168.840
22-May-19,168.200
23-May-19,166.050
24-May-19,166.520
28-May-19,165.000
29-May-19,163.870
30-May-19,164.200
31-May-19,162.140
03-Jun-19,161.700
04-Jun-19,165.400
05-Jun-19,166.640
06-Jun-19,167.580
07-Jun-19,169.160
10-Jun-19,170.050
11-Jun-19,169.960
12-Jun-19,169.660
13-Jun-19,170.470
14-Jun-19,170.050
17-Jun-19,169.390
18-Jun-19,171.040
19-Jun-19,171.570
20-Jun-19,173.190
21-Jun-19,172.740
24-Jun-19,172.210
25-Jun-19,170.670
26-Jun-19,170.400
27-Jun-19,171.400
28-Jun-19,172.360
01-Jul-19,173.800
02-Jul-19,174.220
03-Jul-19,175.550
05-Jul-19,175.440
08-Jul-19,174.400
09-Jul-19,174.740
10-Jul-19,175.540
11-Jul-19,175.680
12-Jul-19,176.670
15-Jul-19,176.630
16-Jul-19,176.090
17-Jul-19,174.940
18-Jul-19,175.610
19-Jul-19,174.530
22-Jul-19,174.960
23-Jul-19,176.210
24-Jul-19,177.250
25-Jul-19,176.230
26-Jul-19,177.530
29-Jul-19,177.160
30-Jul-19,176.920
31-Jul-19,175.100
01-Aug-19,173.580
02-Aug-19,171.980
05-Aug-19,166.880
06-Aug-19,169.000
07-Aug-19,169.260
08-Aug-19,172.610
09-Aug-19,171.310
12-Aug-19,169.180
13-Aug-19,171.610
14-Aug-19,166.650
15-Aug-19,166.950
16-Aug-19,169.460
19-Aug-19,171.420
20-Aug-19,170.150
21-Aug-19,171.620
22-Aug-19,171.520
23-Aug-19,167.110
26-Aug-19,168.820
27-Aug-19,168.050
28-Aug-19,169.210
29-Aug-19,171.390
30-Aug-19,171.400
03-Sep-19,170.180
04-Sep-19,171.990
05-Sep-19,174.320
06-Sep-19,174.380
09-Sep-19,174.560
10-Sep-19,174.730
11-Sep-19,176.130
12-Sep-19,176.690
13-Sep-19,176.490
16-Sep-19,176.200
17-Sep-19,176.600
18-Sep-19,176.560
19-Sep-19,176.440
20-Sep-19,175.630
23-Sep-19,175.700
24-Sep-19,173.370
25-Sep-19,174.430
26-Sep-19,173.910
27-Sep-19,172.910
30-Sep-19,173.770
01-Oct-19,171.530
02-Oct-19,168.600
03-Oct-19,169.970
04-Oct-19,172.280
07-Oct-19,171.630
08-Oct-19,168.830
09-Oct-19,170.380
10-Oct-19,171.480
11-Oct-19,173.410
14-Oct-19,173.140
15-Oct-19,174.880
16-Oct-19,174.550
17-Oct-19,175.150
18-Oct-19,174.410
21-Oct-19,175.630
22-Oct-19,175.000
23-Oct-19,175.450
24-Oct-19,175.870
25-Oct-19,176.600
28-Oct-19,177.700
29-Oct-19,177.630
30-Oct-19,178.060
31-Oct-19,177.500
01-Nov-19,179.320
04-Nov-19,180.020
05-Nov-19,179.840
06-Nov-19,179.780
07-Nov-19,180.380
08-Nov-19,180.840
11-Nov-19,180.570
12-Nov-19,180.850
13-Nov-19,180.940
14-Nov-19,181.140
15-Nov-19,182.490
18-Nov-19,182.590
19-Nov-19,182.560
20-Nov-19,182.170
21-Nov-19,181.620
22-Nov-19,182.020
25-Nov-19,183.650
26-Nov-19,184.040
27-Nov-19,184.900
29-Nov-19,184.230
02-Dec-19,182.570
03-Dec-19,181.450
04-Dec-19,182.510
05-Dec-19,182.790
06-Dec-19,184.440
09-Dec-19,183.880
10-Dec-19,183.680
11-Dec-19,184.200
12-Dec-19,185.660
13-Dec-19,185.760
16-Dec-19,186.130
17-Dec-19,186.220
18-Dec-19,186.300
19-Dec-19,187.160
20-Dec-19,188.010
23-Dec-19,188.230
24-Dec-19,188.250
26-Dec-19,189.080
27-Dec-19,188.960
30-Dec-19,188.060
31-Dec-19,188.490
02-Jan-20,189.990
03-Jan-20,188.730
06-Jan-20,189.470
07-Jan-20,188.940
08-Jan-20,189.900
09-Jan-20,191.140
10-Jan-20,190.590
13-Jan-20,191.890
14-Jan-20,191.770
15-Jan-20,192.170
16-Jan-20,193.870
17-Jan-20,194.310
21-Jan-20,193.830
22-Jan-20,193.940
23-Jan-20,194.110
24-Jan-20,192.290
27-Jan-20,189.270
28-Jan-20,191.280
29-Jan-20,191.070
30-Jan-20,191.640
31-Jan-20,188.270
03-Feb-20,189.880
04-Feb-20,192.830
05-Feb-20,194.810
06-Feb-20,195.300
07-Feb-20,194.140
10-Feb-20,195.650
11-Feb-20,196.060
12-Feb-20,197.330
13-Feb-20,197.320
14-Feb-20,197.610
18-Feb-20,197.100
19-Feb-20,198.130
20-Feb-20,197.520
21-Feb-20,195.520
24-Feb-20,189.010
25-Feb-20,183.190
26-Feb-20,182.270
27-Feb-20,174.190
28-Feb-20,172.700
02-Mar-20,180.320
03-Mar-20,175.400
04-Mar-20,182.690
05-Mar-20,176.580
06-Mar-20,173.270
09-Mar-20,159.320
10-Mar-20,167.440
11-Mar-20,158.740
12-Mar-20,143.570
13-Mar-20,156.570
16-Mar-20,136.740
17-Mar-20,146.170
18-Mar-20,137.990
19-Mar-20,138.300
20-Mar-20,132.950
23-Mar-20,128.350
24-Mar-20,141.100
25-Mar-20,142.170
26-Mar-20,150.260
27-Mar-20,146.030
30-Mar-20,150.540
31-Mar-20,148.330
01-Apr-20,141.330
02-Apr-20,144.160
03-Apr-20,141.840
06-Apr-20,151.730
07-Apr-20,151.910
08-Apr-20,157.510
09-Apr-20,160.360
13-Apr-20,158.410
14-Apr-20,163.140
15-Apr-20,159.560
16-Apr-20,160.040
17-Apr-20,164.760
20-Apr-20,161.970
21-Apr-20,156.880
22-Apr-20,160.440
23-Apr-20,160.480
24-Apr-20,162.760
27-Apr-20,165.610
28-Apr-20,165.110
29-Apr-20,169.820
30-Apr-20,167.690
01-May-20,163.110
04-May-20,163.720
05-May-20,165.190
06-May-20,164.200
07-May-20,166.360
08-May-20,169.480
11-May-20,169.450
12-May-20,165.880
13-May-20,162.510
14-May-20,164.530
15-May-20,165.480
18-May-20,170.710
19-May-20,169.040
20-May-20,172.060
21-May-20,170.990
22-May-20,171.440
26-May-20,173.880
27-May-20,176.720
28-May-20,175.980
29-May-20,176.630
01-Jun-20,177.740
02-Jun-20,179.300
03-Jun-20,181.840
04-Jun-20,181.320
05-Jun-20,186.100
08-Jun-20,188.810
09-Jun-20,186.960
10-Jun-20,185.580
11-Jun-20,174.530
12-Jun-20,176.990
15-Jun-20,178.210
16-Jun-20,181.640
17-Jun-20,180.740
18-Jun-20,180.860
19-Jun-20,179.880
22-Jun-20,181.080
23-Jun-20,181.800
24-Jun-20,176.960
25-Jun-20,178.970
26-Jun-20,174.880
29-Jun-20,177.470
30-Jun-20,180.060
01-Jul-20,180.980
02-Jul-20,181.930
06-Jul-20,184.760
07-Jul-20,182.780
08-Jul-20,184.300
09-Jul-20,183.180
10-Jul-20,185.130
13-Jul-20,183.070
14-Jul-20,185.470
15-Jul-20,187.740
16-Jul-20,187.010
17-Jul-20,187.640
20-Jul-20,189.220
21-Jul-20,189.770
22-Jul-20,190.720
23-Jul-20,188.570
24-Jul-20,187.280
27-Jul-20,188.770
28-Jul-20,187.450
29-Jul-20,189.960
30-Jul-20,189.370
31-Jul-20,190.450
03-Aug-20,192.080
04-Aug-20,192.960
05-Aug-20,194.360
06-Aug-20,195.280
07-Aug-20,195.450
10-Aug-20,196.000
11-Aug-20,194.350
12-Aug-20,197.030
13-Aug-20,196.770
14-Aug-20,196.700
17-Aug-20,197.600
18-Aug-20,197.960
19-Aug-20,197.030
20-Aug-20,197.680
21-Aug-20,198.140
24-Aug-20,200.140
25-Aug-20,200.730
26-Aug-20,202.690
27-Aug-20,203.100
28-Aug-20,204.520
31-Aug-20,204.020
01-Sep-20,205.990
02-Sep-20,208.680
03-Sep-20,201.270
04-Sep-20,199.520
08-Sep-20,194.020
09-Sep-20,197.770
10-Sep-20,194.560
11-Sep-20,194.640
14-Sep-20,197.640
15-Sep-20,198.700
16-Sep-20,198.150
17-Sep-20,196.460
18-Sep-20,194.420
21-Sep-20,192.240
22-Sep-20,194.080
23-Sep-20,188.520
24-Sep-20,188.960
25-Sep-20,192.200
28-Sep-20,195.420
29-Sep-20,194.440
30-Sep-20,195.710
01-Oct-20,197.500
02-Oct-20,195.960
05-Oct-20,199.460
06-Oct-20,196.970
07-Oct-20,200.670
08-Oct-20,202.300
09-Oct-20,204.080
12-Oct-20,206.940
13-Oct-20,205.780
14-Oct-20,204.690
15-Oct-20,204.560
16-Oct-20,204.410
19-Oct-20,201.340
20-Oct-20,202.040
21-Oct-20,201.280
22-Oct-20,202.620
23-Oct-20,203.430
26-Oct-20,199.630
27-Oct-20,198.930
28-Oct-20,192.230
29-Oct-20,194.270
30-Oct-20,191.940
02-Nov-20,194.050
03-Nov-20,197.550
04-Nov-20,202.060
05-Nov-20,206.110
06-Nov-20,206.170
09-Nov-20,208.580
10-Nov-20,208.350
11-Nov-20,209.980
12-Nov-20,207.930
13-Nov-20,210.680
16-Nov-20,213.410
17-Nov-20,212.840
18-Nov-20,210.560
19-Nov-20,211.810
20-Nov-20,210.500
23-Nov-20,212.130
24-Nov-20,215.660
25-Nov-20,215.430
27-Nov-20,216.210
30-Nov-20,214.940
01-Dec-20,217.210
02-Dec-20,217.560
03-Dec-20,217.750
04-Dec-20,220.050
07-Dec-20,219.860
08-Dec-20,220.680
09-Dec-20,218.610
10-Dec-20,218.950
11-Dec-20,218.580
14-Dec-20,216.990
15-Dec-20,220.100
16-Dec-20,220.340
17-Dec-20,222.020
18-Dec-20,221.160
21-Dec-20,220.820
22-Dec-20,220.930
23-Dec-20,221.170
24-Dec-20,221.870
28-Dec-20,222.970
29-Dec-20,222.130
30-Dec-20,222.720
31-Dec-20,223.550
04-Jan-21,220.590
05-Jan-21,222.460
06-Jan-21,224.170
07-Jan-21,227.840
08-Jan-21,229.050
11-Jan-21,227.660
12-Jan-21,228.390
13-Jan-21,228.630
14-Jan-21,228.290
15-Jan-21,226.490
19-Jan-21,228.390
20-Jan-21,231.330
21-Jan-21,231.100
22-Jan-21,230.660
25-Jan-21,231.280
26-Jan-21,230.540
27-Jan-21,224.870
28-Jan-21,226.790
29-Jan-21,222.510
01-Feb-21,226.470
02-Feb-21,229.720
03-Feb-21,229.930
04-Feb-21,232.770
05-Feb-21,234.030
08-Feb-21,236.180
09-Feb-21,236.230
10-Feb-21,236.120
11-Feb-21,236.640
12-Feb-21,237.870
16-Feb-21,237.430
17-Feb-21,237.200
18-Feb-21,235.930
19-Feb-21,236.120
22-Feb-21,233.980
23-Feb-21,233.920
24-Feb-21,236.590
25-Feb-21,230.390
26-Feb-21,229.510
01-Mar-21,235.320
02-Mar-21,233.130
03-Mar-21,230.010
04-Mar-21,226.300
05-Mar-21,230.430
08-Mar-21,229.430
09-Mar-21,233.030
10-Mar-21,234.480
11-Mar-21,237.460
12-Mar-21,237.870
15-Mar-21,239.480
16-Mar-21,238.700
17-Mar-21,239.530
18-Mar-21,235.530
19-Mar-21,235.330
22-Mar-21,236.760
23-Mar-21,234.230
24-Mar-21,232.460
25-Mar-21,233.540
26-Mar-21,237.190
29-Mar-21,236.230
30-Mar-21,236.200
31-Mar-21,237.230
01-Apr-21,240.320
05-Apr-21,243.310
06-Apr-21,243.230
07-Apr-21,243.060
08-Apr-21,244.440
09-Apr-21,245.980
12-Apr-21,246.110
13-Apr-21,246.910
14-Apr-21,246.290
15-Apr-21,248.850
16-Apr-21,249.780
19-Apr-21,248.130
20-Apr-21,245.990
21-Apr-21,248.710
22-Apr-21,246.670
23-Apr-21,249.540
26-Apr-21,250.430
27-Apr-21,250.400
28-Apr-21,250.290
29-Apr-21,251.330
30-Apr-21,249.740
03-May-21,249.940
04-May-21,248.100
05-May-21,248.010
06-May-21,249.360
07-May-21,251.420
10-May-21,248.620
11-May-21,246.600
12-May-21,241.110
13-May-21,243.780
14-May-21,247.910
17-May-21,247.240
18-May-21,245.440
19-May-21,244.590
20-May-21,247.220
21-May-21,247.200
24-May-21,249.590
25-May-21,248.940
26-May-21,249.780
27-May-21,250.240
28-May-21,250.510
01-Jun-21,250.580
02-Jun-21,251.010
03-Jun-21,249.660
04-Jun-21,252.020
07-Jun-21,252.180
08-Jun-21,252.590
09-Jun-21,252.000
10-Jun-21,252.470
11-Jun-21,253.180
14-Jun-21,253.660
15-Jun-21,253.040
16-Jun-21,251.740
17-Jun-21,251.550
18-Jun-21,248.210
21-Jun-21,251.730
22-Jun-21,253.150
23-Jun-21,252.940
24-Jun-21,254.680
25-Jun-21,255.540
28-Jun-21,256.010
29-Jun-21,256.010
30-Jun-21,255.910
01-Jul-21,257.330
02-Jul-21,258.740
06-Jul-21,258.050
07-Jul-21,258.530
08-Jul-21,256.450
09-Jul-21,259.410
12-Jul-21,260.140
13-Jul-21,258.710
14-Jul-21,258.360
15-Jul-21,257.640
16-Jul-21,255.520
19-Jul-21,251.890
20-Jul-21,256.200
21-Jul-21,258.470
22-Jul-21,258.740
23-Jul-21,261.090
26-Jul-21,261.690
27-Jul-21,260.230
28-Jul-21,260.680
29-Jul-21,261.870
30-Jul-21,260.280
02-Aug-21,259.960
03-Aug-21,261.760
04-Aug-21,260.430
05-Aug-21,262.380
06-Aug-21,262.780
09-Aug-21,262.550
10-Aug-21,262.770
11-Aug-21,263.320
12-Aug-21,263.950
13-Aug-21,264.210
16-Aug-21,264.340
17-Aug-21,262.430
18-Aug-21,259.750
19-Aug-21,259.530
20-Aug-21,261.850
23-Aug-21,264.450
24-Aug-21,265.420
25-Aug-21,266.050
26-Aug-21,264.490
27-Aug-21,267.200
30-Aug-21,268.130
31-Aug-21,267.650
01-Sep-21,268.180
02-Sep-21,269.000
03-Sep-21,268.880
07-Sep-21,267.770
08-Sep-21,267.190
09-Sep-21,266.200
10-Sep-21,264.120
13-Sep-21,264.650
14-Sep-21,263.090
15-Sep-21,265.400
16-Sep-21,264.420
