02-Jan-02,1628.510
03-Jan-02,1643.480
04-Jan-02,1653.690
07-Jan-02,1642.950
08-Jan-02,1637.480
09-Jan-02,1629.700
10-Jan-02,1631.720
11-Jan-02,1616.350
14-Jan-02,1606.200
15-Jan-02,1617.180
16-Jan-02,1591.040
17-Jan-02,1607.020
18-Jan-02,1591.080
22-Jan-02,1579.410
23-Jan-02,1591.940
24-Jan-02,1597.550
25-Jan-02,1599.140
28-Jan-02,1598.860
29-Jan-02,1553.230
30-Jan-02,1571.690
31-Jan-02,1595.350
01-Feb-02,1584.060
04-Feb-02,1544.890
05-Feb-02,1538.700
06-Feb-02,1529.680
07-Feb-02,1525.260
08-Feb-02,1547.940
11-Feb-02,1570.210
12-Feb-02,1563.950
13-Feb-02,1580.030
14-Feb-02,1577.290
15-Feb-02,1559.980
19-Feb-02,1530.580
20-Feb-02,1551.370
21-Feb-02,1527.340
22-Feb-02,1539.910
25-Feb-02,1567.590
26-Feb-02,1567.650
27-Feb-02,1569.010
28-Feb-02,1564.590
01-Mar-02,1600.020
04-Mar-02,1631.250
05-Mar-02,1620.370
06-Mar-02,1644.200
07-Mar-02,1636.860
08-Mar-02,1646.440
11-Mar-02,1652.040
12-Mar-02,1648.280
13-Mar-02,1632.460
14-Mar-02,1631.000
15-Mar-02,1649.560
18-Mar-02,1648.730
19-Mar-02,1655.440
20-Mar-02,1629.430
21-Mar-02,1631.930
22-Mar-02,1625.020
25-Mar-02,1601.210
26-Mar-02,1610.810
27-Mar-02,1619.450
28-Mar-02,1623.430
01-Apr-02,1622.230
02-Apr-02,1608.390
03-Apr-02,1592.600
04-Apr-02,1593.960
05-Apr-02,1588.880
08-Apr-02,1592.880
09-Apr-02,1582.360
10-Apr-02,1600.360
11-Apr-02,1562.520
12-Apr-02,1572.890
15-Apr-02,1560.920
16-Apr-02,1597.480
17-Apr-02,1594.320
18-Apr-02,1592.080
19-Apr-02,1593.070
22-Apr-02,1568.520
23-Apr-02,1558.790
24-Apr-02,1547.740
25-Apr-02,1545.400
26-Apr-02,1524.080
29-Apr-02,1508.750
30-Apr-02,1525.000
01-May-02,1538.650
02-May-02,1536.160
03-May-02,1520.440
06-May-02,1491.050
07-May-02,1486.570
08-May-02,1542.530
09-May-02,1520.390
10-May-02,1494.870
13-May-02,1522.800
14-May-02,1555.040
15-May-02,1546.730
16-May-02,1556.930
17-May-02,1569.170
20-May-02,1548.310
21-May-02,1531.320
22-May-02,1540.120
23-May-02,1555.820
24-May-02,1537.020
28-May-02,1523.890
29-May-02,1514.330
30-May-02,1510.250
31-May-02,1513.770
03-Jun-02,1476.260
04-Jun-02,1476.280
05-Jun-02,1489.880
06-Jun-02,1460.500
07-Jun-02,1458.210
10-Jun-02,1462.780
11-Jun-02,1438.470
12-Jun-02,1448.160
13-Jun-02,1433.010
14-Jun-02,1429.780
17-Jun-02,1470.840
18-Jun-02,1472.250
19-Jun-02,1447.980
20-Jun-02,1428.550
21-Jun-02,1404.210
24-Jun-02,1409.300
25-Jun-02,1385.770
26-Jun-02,1382.780
27-Jun-02,1407.110
28-Jun-02,1405.940
01-Jul-02,1375.880
02-Jul-02,1346.960
03-Jul-02,1355.400
05-Jul-02,1405.200
08-Jul-02,1388.440
09-Jul-02,1354.230
10-Jul-02,1308.300
11-Jul-02,1318.180
12-Jul-02,1309.680
15-Jul-02,1304.760
16-Jul-02,1280.780
17-Jul-02,1287.980
18-Jul-02,1253.210
19-Jul-02,1205.160
22-Jul-02,1165.480
23-Jul-02,1133.990
24-Jul-02,1199.010
25-Jul-02,1192.280
26-Jul-02,1212.410
29-Jul-02,1278.100
30-Jul-02,1283.620
31-Jul-02,1296.340
01-Aug-02,1258.220
02-Aug-02,1229.190
05-Aug-02,1187.070
06-Aug-02,1222.590
07-Aug-02,1247.280
08-Aug-02,1288.120
09-Aug-02,1292.940
12-Aug-02,1286.090
13-Aug-02,1258.360
14-Aug-02,1309.040
15-Aug-02,1324.320
16-Aug-02,1322.360
19-Aug-02,1353.630
20-Aug-02,1334.700
21-Aug-02,1351.820
22-Aug-02,1370.850
23-Aug-02,1339.790
26-Aug-02,1349.880
27-Aug-02,1331.200
28-Aug-02,1307.280
29-Aug-02,1307.280
30-Aug-02,1304.860
03-Sep-02,1250.680
04-Sep-02,1273.030
05-Sep-02,1252.770
06-Sep-02,1273.880
09-Sep-02,1286.790
10-Sep-02,1296.230
11-Sep-02,1296.250
12-Sep-02,1264.420
13-Sep-02,1268.570
16-Sep-02,1270.450
17-Sep-02,1245.390
18-Sep-02,1239.700
19-Sep-02,1202.460
20-Sep-02,1205.420
23-Sep-02,1188.760
24-Sep-02,1168.220
25-Sep-02,1197.560
26-Sep-02,1219.600
27-Sep-02,1180.280
30-Sep-02,1163.040
01-Oct-02,1209.590
02-Oct-02,1181.320
03-Oct-02,1168.570
04-Oct-02,1142.360
07-Oct-02,1120.520
08-Oct-02,1139.900
09-Oct-02,1108.910
10-Oct-02,1147.800
11-Oct-02,1192.630
14-Oct-02,1201.370
15-Oct-02,1258.240
16-Oct-02,1228.010
17-Oct-02,1255.420
18-Oct-02,1262.840
21-Oct-02,1284.730
22-Oct-02,1271.080
23-Oct-02,1279.630
24-Oct-02,1260.170
25-Oct-02,1281.810
28-Oct-02,1271.200
29-Oct-02,1259.790
30-Oct-02,1272.250
31-Oct-02,1265.410
01-Nov-02,1287.130
04-Nov-02,1297.690
05-Nov-02,1307.800
06-Nov-02,1320.040
07-Nov-02,1290.150
08-Nov-02,1278.940
11-Nov-02,1252.420
12-Nov-02,1262.140
13-Nov-02,1261.970
14-Nov-02,1293.210
15-Nov-02,1301.280
18-Nov-02,1287.790
19-Nov-02,1282.610
20-Nov-02,1307.610
21-Nov-02,1335.750
22-Nov-02,1331.170
25-Nov-02,1334.520
26-Nov-02,1306.790
27-Nov-02,1343.470
29-Nov-02,1339.890
02-Dec-02,1337.350
03-Dec-02,1317.650
04-Dec-02,1313.540
05-Dec-02,1297.800
06-Dec-02,1305.980
09-Dec-02,1277.050
10-Dec-02,1294.910
11-Dec-02,1295.910
12-Dec-02,1291.160
13-Dec-02,1273.830
16-Dec-02,1303.850
17-Dec-02,1293.260
18-Dec-02,1276.360
19-Dec-02,1266.790
20-Dec-02,1283.260
23-Dec-02,1285.600
24-Dec-02,1278.580
26-Dec-02,1274.560
27-Dec-02,1254.660
30-Dec-02,1260.420
31-Dec-02,1261.180
02-Jan-03,1303.170
03-Jan-03,1302.550
06-Jan-03,1331.820
07-Jan-03,1323.170
08-Jan-03,1304.950
09-Jan-03,1330.310
10-Jan-03,1330.290
13-Jan-03,1328.500
14-Jan-03,1336.250
15-Jan-03,1317.180
16-Jan-03,1312.010
17-Jan-03,1293.630
21-Jan-03,1273.310
22-Jan-03,1260.160
23-Jan-03,1273.040
24-Jan-03,1235.840
27-Jan-03,1215.860
28-Jan-03,1231.740
29-Jan-03,1240.310
30-Jan-03,1212.230
31-Jan-03,1228.140
03-Feb-03,1234.790
04-Feb-03,1217.400
05-Feb-03,1211.040
06-Feb-03,1203.580
07-Feb-03,1191.460
10-Feb-03,1200.510
11-Feb-03,1190.830
12-Feb-03,1176.150
13-Feb-03,1174.430
14-Feb-03,1199.610
18-Feb-03,1223.110
19-Feb-03,1214.660
20-Feb-03,1203.180
21-Feb-03,1219.100
24-Feb-03,1196.710
25-Feb-03,1205.320
26-Feb-03,1189.980
27-Feb-03,1204.110
28-Feb-03,1209.710
03-Mar-03,1200.600
04-Mar-03,1182.170
05-Mar-03,1193.870
06-Mar-03,1182.820
07-Mar-03,1192.620
10-Mar-03,1161.850
11-Mar-03,1152.150
12-Mar-03,1157.610
13-Mar-03,1197.560
14-Mar-03,1199.550
17-Mar-03,1242.090
18-Mar-03,1247.400
19-Mar-03,1258.370
20-Mar-03,1260.770
21-Mar-03,1289.740
24-Mar-03,1244.310
25-Mar-03,1259.440
26-Mar-03,1252.590
27-Mar-03,1250.710
28-Mar-03,1243.510
31-Mar-03,1221.460
01-Apr-03,1236.300
02-Apr-03,1268.820
03-Apr-03,1262.430
04-Apr-03,1265.900
07-Apr-03,1267.490
08-Apr-03,1265.570
09-Apr-03,1247.990
10-Apr-03,1256.040
11-Apr-03,1251.410
14-Apr-03,1275.820
15-Apr-03,1283.960
16-Apr-03,1268.280
17-Apr-03,1287.990
21-Apr-03,1285.720
22-Apr-03,1313.630
23-Apr-03,1324.680
24-Apr-03,1313.750
25-Apr-03,1295.570
28-Apr-03,1318.850
29-Apr-03,1323.260
30-Apr-03,1322.070
01-May-03,1321.390
02-May-03,1341.280
05-May-03,1336.240
06-May-03,1347.540
07-May-03,1340.870
08-May-03,1327.420
09-May-03,1346.680
12-May-03,1363.610
13-May-03,1359.740
14-May-03,1355.760
15-May-03,1366.590
16-May-03,1363.320
19-May-03,1329.380
20-May-03,1327.870
21-May-03,1333.330
22-May-03,1345.530
23-May-03,1347.490
27-May-03,1373.860
28-May-03,1376.580
29-May-03,1371.510
30-May-03,1391.720
02-Jun-03,1396.700
03-Jun-03,1403.290
04-Jun-03,1424.910
05-Jun-03,1430.640
06-Jun-03,1427.280
09-Jun-03,1410.210
10-Jun-03,1423.110
11-Jun-03,1441.860
12-Jun-03,1443.410
13-Jun-03,1429.110
16-Jun-03,1461.150
17-Jun-03,1462.480
18-Jun-03,1460.320
19-Jun-03,1438.090
20-Jun-03,1439.540
23-Jun-03,1419.240
24-Jun-03,1421.860
25-Jun-03,1410.100
26-Jun-03,1425.820
27-Jun-03,1411.970
30-Jun-03,1409.480
01-Jul-03,1421.030
02-Jul-03,1437.610
03-Jul-03,1425.970
07-Jul-03,1453.070
08-Jul-03,1458.510
09-Jul-03,1450.510
10-Jul-03,1430.960
11-Jul-03,1444.700
14-Jul-03,1453.000
15-Jul-03,1448.020
16-Jul-03,1438.860
17-Jul-03,1421.110
18-Jul-03,1437.890
21-Jul-03,1416.880
22-Jul-03,1430.350
23-Jul-03,1431.100
24-Jul-03,1420.960
25-Jul-03,1445.700
28-Jul-03,1442.580
29-Jul-03,1432.310
30-Jul-03,1429.910
31-Jul-03,1434.330
01-Aug-03,1419.640
04-Aug-03,1423.510
05-Aug-03,1398.420
06-Aug-03,1401.010
07-Aug-03,1411.270
08-Aug-03,1416.300
11-Aug-03,1421.010
12-Aug-03,1435.170
13-Aug-03,1426.550
14-Aug-03,1435.960
15-Aug-03,1436.430
18-Aug-03,1449.650
19-Aug-03,1453.450
20-Aug-03,1450.610
21-Aug-03,1454.980
22-Aug-03,1440.170
25-Aug-03,1441.110
26-Aug-03,1445.510
27-Aug-03,1445.840
28-Aug-03,1454.700
29-Aug-03,1462.300
02-Sep-03,1482.610
03-Sep-03,1489.250
04-Sep-03,1491.770
05-Sep-03,1482.240
08-Sep-03,1497.220
09-Sep-03,1484.930
10-Sep-03,1467.290
11-Sep-03,1475.720
12-Sep-03,1478.940
15-Sep-03,1473.430
16-Sep-03,1494.500
17-Sep-03,1489.700
18-Sep-03,1509.470
19-Sep-03,1504.740
22-Sep-03,1485.160
23-Sep-03,1494.190
24-Sep-03,1465.660
25-Sep-03,1457.090
26-Sep-03,1448.030
29-Sep-03,1462.200
30-Sep-03,1446.770
01-Oct-03,1479.230
02-Oct-03,1482.360
03-Oct-03,1496.320
06-Oct-03,1502.860
07-Oct-03,1510.050
08-Oct-03,1502.650
09-Oct-03,1509.860
10-Oct-03,1509.000
13-Oct-03,1519.600
14-Oct-03,1525.600
15-Oct-03,1521.950
16-Oct-03,1526.800
17-Oct-03,1511.180
20-Oct-03,1518.970
21-Oct-03,1520.930
22-Oct-03,1498.280
23-Oct-03,1503.260
24-Oct-03,1496.200
27-Oct-03,1499.430
28-Oct-03,1522.210
29-Oct-03,1524.410
30-Oct-03,1523.120
31-Oct-03,1528.620
03-Nov-03,1540.710
04-Nov-03,1532.340
05-Nov-03,1530.540
06-Nov-03,1539.750
07-Nov-03,1533.020
10-Nov-03,1524.260
11-Nov-03,1523.470
12-Nov-03,1541.490
13-Nov-03,1541.300
14-Nov-03,1529.840
17-Nov-03,1520.070
18-Nov-03,1506.320
19-Nov-03,1518.510
20-Nov-03,1505.760
21-Nov-03,1508.210
24-Nov-03,1532.690
25-Nov-03,1535.490
26-Nov-03,1542.400
28-Nov-03,1542.070
01-Dec-03,1559.500
02-Dec-03,1554.420
03-Dec-03,1552.090
04-Dec-03,1559.470
05-Dec-03,1547.520
08-Dec-03,1558.960
09-Dec-03,1545.680
10-Dec-03,1544.310
11-Dec-03,1562.230
12-Dec-03,1566.500
15-Dec-03,1557.660
16-Dec-03,1568.020
17-Dec-03,1570.150
18-Dec-03,1588.900
19-Dec-03,1588.190
22-Dec-03,1594.430
23-Dec-03,1598.930
24-Dec-03,1596.050
26-Dec-03,1598.750
29-Dec-03,1619.160
30-Dec-03,1619.590
31-Dec-03,1622.940
02-Jan-04,1618.050
05-Jan-04,1638.100
06-Jan-04,1640.310
07-Jan-04,1644.600
08-Jan-04,1652.830
09-Jan-04,1638.140
12-Jan-04,1646.030
13-Jan-04,1637.330
14-Jan-04,1650.960
15-Jan-04,1653.210
16-Jan-04,1664.570
20-Jan-04,1663.030
21-Jan-04,1676.070
22-Jan-04,1670.730
23-Jan-04,1667.260
26-Jan-04,1687.440
27-Jan-04,1670.910
28-Jan-04,1648.440
29-Jan-04,1657.090
30-Jan-04,1652.730
02-Feb-04,1658.790
03-Feb-04,1659.920
04-Feb-04,1646.290
05-Feb-04,1649.350
06-Feb-04,1670.140
09-Feb-04,1666.160
10-Feb-04,1674.550
11-Feb-04,1693.030
12-Feb-04,1684.920
13-Feb-04,1675.860
17-Feb-04,1692.220
18-Feb-04,1684.900
19-Feb-04,1678.010
20-Feb-04,1673.710
23-Feb-04,1669.200
24-Feb-04,1666.420
25-Feb-04,1673.340
26-Feb-04,1675.630
27-Feb-04,1675.700
01-Mar-04,1691.900
02-Mar-04,1681.880
03-Mar-04,1685.170
04-Mar-04,1690.830
05-Mar-04,1693.760
08-Mar-04,1679.740
09-Mar-04,1670.070
10-Mar-04,1645.790
11-Mar-04,1621.210
12-Mar-04,1641.420
15-Mar-04,1617.910
16-Mar-04,1627.030
17-Mar-04,1646.290
18-Mar-04,1644.210
19-Mar-04,1625.840
22-Mar-04,1604.800
23-Mar-04,1602.670
24-Mar-04,1598.850
25-Mar-04,1625.010
26-Mar-04,1623.360
29-Mar-04,1644.750
30-Mar-04,1651.430
31-Mar-04,1650.420
01-Apr-04,1659.160
02-Apr-04,1673.410
05-Apr-04,1686.240
06-Apr-04,1683.230
07-Apr-04,1672.140
08-Apr-04,1670.360
12-Apr-04,1679.020
13-Apr-04,1655.990
14-Apr-04,1654.170
15-Apr-04,1655.150
16-Apr-04,1663.620
19-Apr-04,1665.400
20-Apr-04,1639.490
21-Apr-04,1648.310
22-Apr-04,1671.630
23-Apr-04,1672.620
26-Apr-04,1665.200
27-Apr-04,1668.980
28-Apr-04,1646.200
29-Apr-04,1634.160
30-Apr-04,1624.510
03-May-04,1639.460
04-May-04,1642.500
05-May-04,1645.650
06-May-04,1634.750
07-May-04,1612.310
10-May-04,1595.380
11-May-04,1607.940
12-May-04,1611.150
13-May-04,1610.050
14-May-04,1609.120
17-May-04,1592.230
18-May-04,1603.140
19-May-04,1599.290
20-May-04,1600.060
21-May-04,1606.490
24-May-04,1609.220
25-May-04,1635.140
26-May-04,1638.160
27-May-04,1647.650
28-May-04,1646.800
01-Jun-04,1647.570
02-Jun-04,1653.670
03-Jun-04,1641.430
04-Jun-04,1650.080
07-Jun-04,1676.480
08-Jun-04,1679.210
09-Jun-04,1663.380
10-Jun-04,1671.020
14-Jun-04,1655.000
15-Jun-04,1664.920
16-Jun-04,1667.230
17-Jun-04,1665.020
18-Jun-04,1669.390
21-Jun-04,1662.460
22-Jun-04,1668.550
23-Jun-04,1682.750
24-Jun-04,1678.070
25-Jun-04,1668.930
28-Jun-04,1667.610
29-Jun-04,1671.840
30-Jun-04,1678.830
01-Jul-04,1661.530
02-Jul-04,1656.330
06-Jul-04,1642.840
07-Jul-04,1646.360
08-Jul-04,1632.890
09-Jul-04,1638.420
12-Jul-04,1640.730
13-Jul-04,1641.960
14-Jul-04,1636.620
15-Jul-04,1629.580
16-Jul-04,1621.810
19-Jul-04,1621.090
20-Jul-04,1632.520
21-Jul-04,1610.880
22-Jul-04,1615.270
23-Jul-04,1599.620
26-Jul-04,1596.480
27-Jul-04,1612.330
28-Jul-04,1613.500
29-Jul-04,1621.350
30-Jul-04,1623.260
02-Aug-04,1630.480
03-Aug-04,1620.280
04-Aug-04,1619.000
05-Aug-04,1592.640
06-Aug-04,1568.070
09-Aug-04,1569.960
10-Aug-04,1590.350
11-Aug-04,1586.430
12-Aug-04,1567.950
13-Aug-04,1570.440
16-Aug-04,1591.940
17-Aug-04,1595.570
18-Aug-04,1615.720
19-Aug-04,1609.970
20-Aug-04,1620.470
23-Aug-04,1616.680
24-Aug-04,1617.460
25-Aug-04,1630.490
26-Aug-04,1630.680
27-Aug-04,1634.830
30-Aug-04,1622.280
31-Aug-04,1629.830
01-Sep-04,1632.820
02-Sep-04,1651.140
03-Sep-04,1644.250
07-Sep-04,1655.650
08-Sep-04,1648.520
09-Sep-04,1651.650
10-Sep-04,1659.840
13-Sep-04,1663.100
14-Sep-04,1666.820
15-Sep-04,1655.100
16-Sep-04,1659.780
17-Sep-04,1667.250
20-Sep-04,1657.880
21-Sep-04,1668.390
22-Sep-04,1645.170
23-Sep-04,1637.820
24-Sep-04,1640.400
27-Sep-04,1630.670
28-Sep-04,1640.620
29-Sep-04,1647.790
30-Sep-04,1647.480
01-Oct-04,1672.490
04-Oct-04,1678.100
05-Oct-04,1677.090
06-Oct-04,1688.830
07-Oct-04,1672.080
08-Oct-04,1659.510
11-Oct-04,1662.840
12-Oct-04,1659.070
13-Oct-04,1647.130
14-Oct-04,1631.810
15-Oct-04,1639.080
18-Oct-04,1647.700
19-Oct-04,1631.740
20-Oct-04,1632.490
21-Oct-04,1636.760
22-Oct-04,1620.850
25-Oct-04,1619.480
26-Oct-04,1643.570
27-Oct-04,1665.010
28-Oct-04,1668.550
29-Oct-04,1672.650
01-Nov-04,1673.110
02-Nov-04,1673.160
03-Nov-04,1692.220
04-Nov-04,1719.640
05-Nov-04,1726.340
08-Nov-04,1724.590
09-Nov-04,1724.080
10-Nov-04,1722.670
11-Nov-04,1738.320
12-Nov-04,1754.330
15-Nov-04,1753.990
16-Nov-04,1741.720
17-Nov-04,1751.570
18-Nov-04,1753.970
19-Nov-04,1734.450
22-Nov-04,1744.710
23-Nov-04,1744.310
24-Nov-04,1751.550
26-Nov-04,1753.090
29-Nov-04,1747.340
30-Nov-04,1740.330
01-Dec-04,1766.900
02-Dec-04,1765.370
03-Dec-04,1766.630
06-Dec-04,1765.330
07-Dec-04,1745.840
08-Dec-04,1754.750
09-Dec-04,1764.350
10-Dec-04,1762.510
13-Dec-04,1778.540
14-Dec-04,1785.510
15-Dec-04,1789.140
16-Dec-04,1785.510
17-Dec-04,1772.190
20-Dec-04,1772.870
21-Dec-04,1788.930
22-Dec-04,1795.660
23-Dec-04,1796.490
27-Dec-04,1788.760
28-Dec-04,1801.580
29-Dec-04,1801.710
30-Dec-04,1801.980
31-Dec-04,1799.550
03-Jan-05,1784.960
04-Jan-05,1764.300
05-Jan-05,1758.070
06-Jan-05,1764.630
07-Jan-05,1762.120
10-Jan-05,1768.170
11-Jan-05,1757.510
12-Jan-05,1764.720
13-Jan-05,1749.480
14-Jan-05,1759.980
18-Jan-05,1777.040
19-Jan-05,1760.280
20-Jan-05,1746.610
21-Jan-05,1735.430
24-Jan-05,1729.330
25-Jan-05,1736.250
26-Jan-05,1744.720
27-Jan-05,1745.580
28-Jan-05,1740.960
31-Jan-05,1755.680
01-Feb-05,1767.790
02-Feb-05,1773.630
03-Feb-05,1769.260
04-Feb-05,1788.820
07-Feb-05,1786.920
08-Feb-05,1788.160
09-Feb-05,1773.280
10-Feb-05,1780.800
11-Feb-05,1793.540
14-Feb-05,1794.980
15-Feb-05,1801.060
16-Feb-05,1801.590
17-Feb-05,1787.410
18-Feb-05,1788.650
22-Feb-05,1762.760
23-Feb-05,1772.760
24-Feb-05,1787.340
25-Feb-05,1804.170
28-Feb-05,1792.630
01-Mar-05,1802.790
02-Mar-05,1802.920
03-Mar-05,1803.510
04-Mar-05,1820.880
07-Mar-05,1825.700
08-Mar-05,1817.120
09-Mar-05,1798.790
10-Mar-05,1802.200
11-Mar-05,1789.010
14-Mar-05,1799.140
15-Mar-05,1785.610
16-Mar-05,1771.350
17-Mar-05,1774.550
18-Mar-05,1773.720
21-Mar-05,1764.980
22-Mar-05,1747.030
23-Mar-05,1748.280
24-Mar-05,1746.620
28-Mar-05,1750.890
29-Mar-05,1737.940
30-Mar-05,1762.090
31-Mar-05,1760.890
01-Apr-05,1749.450
04-Apr-05,1754.430
05-Apr-05,1762.320
06-Apr-05,1766.690
07-Apr-05,1777.350
08-Apr-05,1762.520
11-Apr-05,1762.560
12-Apr-05,1772.440
13-Apr-05,1751.770
14-Apr-05,1734.250
15-Apr-05,1705.260
18-Apr-05,1710.270
19-Apr-05,1720.430
20-Apr-05,1697.740
21-Apr-05,1731.270
22-Apr-05,1719.660
25-Apr-05,1734.560
26-Apr-05,1719.090
27-Apr-05,1726.210
28-Apr-05,1707.130
29-Apr-05,1727.490
02-May-05,1735.430
03-May-05,1733.950
04-May-05,1755.920
05-May-05,1751.470
06-May-05,1749.650
09-May-05,1760.870
10-May-05,1742.060
11-May-05,1750.260
12-May-05,1732.890
13-May-05,1725.150
16-May-05,1742.740
17-May-05,1755.100
18-May-05,1773.010
19-May-05,1781.280
20-May-05,1778.590
23-May-05,1785.460
24-May-05,1785.800
25-May-05,1779.810
26-May-05,1791.410
27-May-05,1793.340
31-May-05,1782.460
01-Jun-05,1799.150
02-Jun-05,1802.190
03-Jun-05,1789.830
06-Jun-05,1792.140
07-Jun-05,1791.890
08-Jun-05,1788.300
09-Jun-05,1797.720
10-Jun-05,1793.510
13-Jun-05,1798.070
14-Jun-05,1802.730
15-Jun-05,1806.780
16-Jun-05,1813.350
17-Jun-05,1822.350
20-Jun-05,1821.060
21-Jun-05,1817.360
22-Jun-05,1817.800
23-Jun-05,1798.490
24-Jun-05,1784.770
27-Jun-05,1783.450
28-Jun-05,1800.070
29-Jun-05,1797.730
30-Jun-05,1784.990
01-Jul-05,1789.850
05-Jul-05,1805.680
06-Jul-05,1791.050
07-Jul-05,1795.550
08-Jul-05,1816.520
11-Jul-05,1827.910
12-Jul-05,1832.150
13-Jul-05,1833.980
14-Jul-05,1838.800
15-Jul-05,1840.930
18-Jul-05,1830.750
19-Jul-05,1843.070
20-Jul-05,1852.020
21-Jul-05,1839.800
22-Jul-05,1849.810
25-Jul-05,1842.850
26-Jul-05,1846.040
27-Jul-05,1854.720
28-Jul-05,1865.640
29-Jul-05,1851.370
01-Aug-05,1853.130
02-Aug-05,1866.280
03-Aug-05,1868.060
04-Aug-05,1854.300
05-Aug-05,1840.190
08-Aug-05,1835.370
09-Aug-05,1847.760
10-Aug-05,1845.160
11-Aug-05,1858.430
12-Aug-05,1847.310
15-Aug-05,1852.780
16-Aug-05,1830.990
17-Aug-05,1832.820
18-Aug-05,1831.090
19-Aug-05,1832.290
22-Aug-05,1835.320
23-Aug-05,1829.110
24-Aug-05,1817.220
25-Aug-05,1821.460
26-Aug-05,1810.520
29-Aug-05,1821.560
30-Aug-05,1815.970
31-Aug-05,1834.480
01-Sep-05,1836.370
02-Sep-05,1831.060
06-Sep-05,1854.230
07-Sep-05,1859.000
08-Sep-05,1852.000
09-Sep-05,1866.740
12-Sep-05,1865.450
13-Sep-05,1851.870
14-Sep-05,1845.840
15-Sep-05,1846.760
16-Sep-05,1862.110
19-Sep-05,1851.740
20-Sep-05,1837.200
21-Sep-05,1820.490
22-Sep-05,1827.540
23-Sep-05,1828.540
26-Sep-05,1829.050
27-Sep-05,1829.130
28-Sep-05,1831.320
29-Sep-05,1847.620
30-Sep-05,1849.330
03-Oct-05,1846.170
04-Oct-05,1827.960
05-Oct-05,1801.400
06-Oct-05,1794.040
07-Oct-05,1800.710
10-Oct-05,1787.800
11-Oct-05,1784.220
12-Oct-05,1773.600
13-Oct-05,1772.360
14-Oct-05,1787.010
17-Oct-05,1792.330
18-Oct-05,1774.320
19-Oct-05,1801.010
20-Oct-05,1774.020
21-Oct-05,1776.730
24-Oct-05,1806.590
25-Oct-05,1802.300
26-Oct-05,1794.560
27-Oct-05,1776.010
28-Oct-05,1805.560
31-Oct-05,1818.500
01-Nov-05,1812.110
02-Nov-05,1830.430
03-Nov-05,1838.860
04-Nov-05,1839.160
07-Nov-05,1843.270
08-Nov-05,1837.800
09-Nov-05,1841.000
10-Nov-05,1856.900
11-Nov-05,1862.560
14-Nov-05,1861.250
15-Nov-05,1854.280
16-Nov-05,1857.970
17-Nov-05,1875.490
18-Nov-05,1883.990
21-Nov-05,1893.930
22-Nov-05,1903.660
23-Nov-05,1910.390
25-Nov-05,1914.410
28-Nov-05,1898.370
29-Nov-05,1898.740
30-Nov-05,1887.280
01-Dec-05,1910.230
02-Dec-05,1910.860
05-Dec-05,1906.420
06-Dec-05,1908.890
07-Dec-05,1899.690
08-Dec-05,1897.570
09-Dec-05,1902.920
12-Dec-05,1904.590
13-Dec-05,1915.300
14-Dec-05,1923.440
15-Dec-05,1920.850
16-Dec-05,1915.400
19-Dec-05,1904.210
20-Dec-05,1903.810
21-Dec-05,1908.650
22-Dec-05,1917.160
23-Dec-05,1918.250
27-Dec-05,1899.930
28-Dec-05,1902.740
29-Dec-05,1897.200
30-Dec-05,1887.940
03-Jan-06,1918.960
04-Jan-06,1926.390
05-Jan-06,1926.440
06-Jan-06,1945.020
09-Jan-06,1952.130
10-Jan-06,1951.530
11-Jan-06,1958.560
12-Jan-06,1946.280
13-Jan-06,1948.640
17-Jan-06,1941.570
18-Jan-06,1934.210
19-Jan-06,1944.980
20-Jan-06,1909.350
23-Jan-06,1912.910
24-Jan-06,1917.540
25-Jan-06,1914.280
26-Jan-06,1928.170
27-Jan-06,1943.340
30-Jan-06,1945.660
31-Jan-06,1937.930
01-Feb-06,1941.750
02-Feb-06,1924.670
03-Feb-06,1914.500
06-Feb-06,1916.040
07-Feb-06,1900.580
08-Feb-06,1917.840
09-Feb-06,1915.100
10-Feb-06,1920.000
13-Feb-06,1914.020
14-Feb-06,1933.460
15-Feb-06,1940.690
16-Feb-06,1955.060
17-Feb-06,1951.830
21-Feb-06,1945.450
22-Feb-06,1960.260
23-Feb-06,1953.370
24-Feb-06,1956.140
27-Feb-06,1963.580
28-Feb-06,1943.190
01-Mar-06,1959.770
02-Mar-06,1956.600
03-Mar-06,1953.740
06-Mar-06,1940.200
07-Mar-06,1936.680
08-Mar-06,1941.170
09-Mar-06,1931.730
10-Mar-06,1945.930
13-Mar-06,1950.390
14-Mar-06,1970.660
15-Mar-06,1979.210
16-Mar-06,1982.760
17-Mar-06,1985.690
20-Mar-06,1982.400
21-Mar-06,1970.500
22-Mar-06,1982.400
23-Mar-06,1977.290
24-Mar-06,1979.240
27-Mar-06,1977.190
28-Mar-06,1964.470
29-Mar-06,1979.510
30-Mar-06,1975.600
31-Mar-06,1967.380
03-Apr-06,1971.930
04-Apr-06,1984.470
05-Apr-06,1993.210
06-Apr-06,1989.870
07-Apr-06,1969.300
10-Apr-06,1971.030
11-Apr-06,1956.120
12-Apr-06,1958.490
13-Apr-06,1960.010
17-Apr-06,1954.250
18-Apr-06,1988.180
19-Apr-06,1991.840
20-Apr-06,1994.230
21-Apr-06,1993.990
24-Apr-06,1989.200
25-Apr-06,1979.510
26-Apr-06,1985.290
27-Apr-06,1992.390
28-Apr-06,1993.790
01-May-06,1985.550
02-May-06,1997.750
03-May-06,1989.970
04-May-06,1996.740
05-May-06,2017.340
08-May-06,2015.840
09-May-06,2016.600
10-May-06,2013.990
11-May-06,1988.560
12-May-06,1966.270
15-May-06,1971.450
16-May-06,1967.790
17-May-06,1935.180
18-May-06,1922.320
19-May-06,1930.270
22-May-06,1922.720
23-May-06,1914.380
24-May-06,1917.480
25-May-06,1939.520
26-May-06,1950.870
30-May-06,1920.090
31-May-06,1936.410
01-Jun-06,1960.280
02-Jun-06,1964.110
05-Jun-06,1929.230
06-Jun-06,1927.130
07-Jun-06,1915.770
08-Jun-06,1918.590
09-Jun-06,1910.010
12-Jun-06,1885.810
13-Jun-06,1866.920
14-Jun-06,1876.670
15-Jun-06,1916.560
16-Jun-06,1909.520
19-Jun-06,1892.120
20-Jun-06,1892.130
21-Jun-06,1910.620
22-Jun-06,1900.980
23-Jun-06,1899.320
26-Jun-06,1908.560
27-Jun-06,1891.240
28-Jun-06,1901.980
29-Jun-06,1943.090
30-Jun-06,1939.030
03-Jul-06,1954.490
05-Jul-06,1940.550
06-Jul-06,1945.900
07-Jul-06,1932.750
10-Jul-06,1935.620
11-Jul-06,1943.660
12-Jul-06,1922.620
13-Jul-06,1897.730
14-Jul-06,1888.430
17-Jul-06,1885.820
18-Jul-06,1889.480
19-Jul-06,1924.740
20-Jul-06,1908.420
21-Jul-06,1894.940
24-Jul-06,1926.500
25-Jul-06,1938.680
26-Jul-06,1937.960
27-Jul-06,1930.320
28-Jul-06,1953.860
31-Jul-06,1951.000
01-Aug-06,1942.220
02-Aug-06,1954.180
03-Aug-06,1957.410
04-Aug-06,1956.050
07-Aug-06,1950.630
08-Aug-06,1944.220
09-Aug-06,1936.300
10-Aug-06,1945.610
11-Aug-06,1938.130
14-Aug-06,1940.500
15-Aug-06,1967.260
16-Aug-06,1982.810
17-Aug-06,1986.040
18-Aug-06,1993.430
21-Aug-06,1986.110
22-Aug-06,1988.100
23-Aug-06,1979.350
24-Aug-06,1984.090
25-Aug-06,1982.810
28-Aug-06,1993.060
29-Aug-06,1997.210
30-Aug-06,1998.080
31-Aug-06,1997.420
01-Sep-06,2008.470
05-Sep-06,2012.000
06-Sep-06,1992.420
07-Sep-06,1982.930
08-Sep-06,1990.440
11-Sep-06,1991.490
12-Sep-06,2012.320
13-Sep-06,2020.490
14-Sep-06,2017.860
15-Sep-06,2023.350
18-Sep-06,2025.390
19-Sep-06,2021.010
20-Sep-06,2031.590
21-Sep-06,2021.080
22-Sep-06,2016.090
25-Sep-06,2033.870
26-Sep-06,2049.200
27-Sep-06,2049.970
28-Sep-06,2053.930
29-Sep-06,2048.890
02-Oct-06,2041.990
03-Oct-06,2046.280
04-Oct-06,2071.450
05-Oct-06,2076.630
06-Oct-06,2071.050
09-Oct-06,2072.710
10-Oct-06,2077.010
11-Oct-06,2071.900
12-Oct-06,2091.690
13-Oct-06,2095.970
16-Oct-06,2101.270
17-Oct-06,2093.580
18-Oct-06,2096.710
19-Oct-06,2098.320
20-Oct-06,2100.860
23-Oct-06,2113.820
24-Oct-06,2114.360
25-Oct-06,2121.830
26-Oct-06,2132.390
27-Oct-06,2114.650
30-Oct-06,2115.630
31-Oct-06,2115.650
01-Nov-06,2100.360
02-Nov-06,2100.210
03-Nov-06,2095.680
06-Nov-06,2119.530
07-Nov-06,2124.280
08-Nov-06,2129.220
09-Nov-06,2118.320
10-Nov-06,2122.260
13-Nov-06,2128.170
14-Nov-06,2141.950
15-Nov-06,2147.600
16-Nov-06,2152.570
17-Nov-06,2154.800
20-Nov-06,2153.760
21-Nov-06,2157.420
22-Nov-06,2162.650
24-Nov-06,2154.960
27-Nov-06,2125.670
28-Nov-06,2133.520
29-Nov-06,2154.090
30-Nov-06,2155.890
01-Dec-06,2149.850
04-Dec-06,2169.000
05-Dec-06,2177.750
06-Dec-06,2175.450
07-Dec-06,2166.870
08-Dec-06,2170.840
11-Dec-06,2175.800
12-Dec-06,2173.580
13-Dec-06,2176.520
14-Dec-06,2195.590
15-Dec-06,2198.070
18-Dec-06,2190.970
19-Dec-06,2195.800
20-Dec-06,2192.760
21-Dec-06,2185.210
22-Dec-06,2173.900
26-Dec-06,2183.380
27-Dec-06,2199.150
28-Dec-06,2196.000
29-Dec-06,2186.130
03-Jan-07,2183.920
04-Jan-07,2186.600
05-Jan-07,2173.290
08-Jan-07,2178.800
09-Jan-07,2177.680
10-Jan-07,2182.160
11-Jan-07,2196.020
12-Jan-07,2206.680
16-Jan-07,2208.480
17-Jan-07,2206.700
18-Jan-07,2200.200
19-Jan-07,2206.600
22-Jan-07,2195.000
23-Jan-07,2202.770
24-Jan-07,2221.560
25-Jan-07,2196.540
26-Jan-07,2193.890
29-Jan-07,2191.710
30-Jan-07,2204.400
31-Jan-07,2219.190
01-Feb-07,2231.610
02-Feb-07,2235.390
05-Feb-07,2233.440
06-Feb-07,2235.020
07-Feb-07,2239.050
08-Feb-07,2236.460
09-Feb-07,2220.720
12-Feb-07,2213.580
13-Feb-07,2230.800
14-Feb-07,2248.400
15-Feb-07,2250.970
16-Feb-07,2249.060
20-Feb-07,2255.480
21-Feb-07,2252.430
22-Feb-07,2251.030
23-Feb-07,2243.260
26-Feb-07,2240.730
27-Feb-07,2163.110
28-Feb-07,2175.780
01-Mar-07,2170.170
02-Mar-07,2145.430
05-Mar-07,2125.340
06-Mar-07,2158.360
07-Mar-07,2153.650
08-Mar-07,2169.140
09-Mar-07,2170.620
12-Mar-07,2176.500
13-Mar-07,2132.760
14-Mar-07,2147.180
15-Mar-07,2155.180
16-Mar-07,2146.930
19-Mar-07,2170.330
20-Mar-07,2184.100
21-Mar-07,2221.460
22-Mar-07,2220.680
23-Mar-07,2223.120
26-Mar-07,2225.260
27-Mar-07,2211.520
28-Mar-07,2194.380
29-Mar-07,2202.680
30-Mar-07,2200.120
02-Apr-07,2205.850
03-Apr-07,2226.760
04-Apr-07,2229.260
05-Apr-07,2236.710
09-Apr-07,2238.030
10-Apr-07,2243.930
11-Apr-07,2229.440
12-Apr-07,2243.300
13-Apr-07,2251.120
16-Apr-07,2275.350
17-Apr-07,2280.010
18-Apr-07,2281.610
19-Apr-07,2278.910
20-Apr-07,2300.080
23-Apr-07,2294.820
24-Apr-07,2294.020
25-Apr-07,2317.500
26-Apr-07,2315.910
27-Apr-07,2315.700
30-Apr-07,2297.570
01-May-07,2303.680
02-May-07,2318.840
03-May-07,2329.540
04-May-07,2334.610
07-May-07,2340.680
08-May-07,2338.140
09-May-07,2346.300
10-May-07,2313.940
11-May-07,2336.480
14-May-07,2332.430
15-May-07,2329.610
16-May-07,2350.400
17-May-07,2348.440
18-May-07,2363.970
21-May-07,2367.630
22-May-07,2366.100
23-May-07,2363.290
24-May-07,2340.640
25-May-07,2353.420
29-May-07,2357.390
30-May-07,2377.090
31-May-07,2377.750
01-Jun-07,2386.630
04-Jun-07,2391.130
05-Jun-07,2378.440
06-Jun-07,2357.950
07-Jun-07,2316.630
08-Jun-07,2342.980
11-Jun-07,2345.270
12-Jun-07,2320.220
13-Jun-07,2356.020
14-Jun-07,2367.520
15-Jun-07,2382.970
18-Jun-07,2380.090
19-Jun-07,2384.260
20-Jun-07,2351.870
21-Jun-07,2366.920
22-Jun-07,2336.410
25-Jun-07,2328.910
26-Jun-07,2321.460
27-Jun-07,2342.840
28-Jun-07,2341.900
29-Jun-07,2338.250
02-Jul-07,2363.280
03-Jul-07,2372.220
05-Jul-07,2373.070
06-Jul-07,2381.590
09-Jul-07,2383.800
10-Jul-07,2349.980
11-Jul-07,2363.720
12-Jul-07,2408.790
13-Jul-07,2416.280
16-Jul-07,2411.650
17-Jul-07,2411.410
18-Jul-07,2406.690
19-Jul-07,2417.500
20-Jul-07,2387.960
23-Jul-07,2399.640
24-Jul-07,2352.120
25-Jul-07,2363.120
26-Jul-07,2307.980
27-Jul-07,2271.410
30-Jul-07,2294.750
31-Jul-07,2265.750
01-Aug-07,2282.300
02-Aug-07,2292.790
03-Aug-07,2231.980
06-Aug-07,2285.930
07-Aug-07,2300.090
08-Aug-07,2333.240
09-Aug-07,2264.500
10-Aug-07,2265.360
13-Aug-07,2264.570
14-Aug-07,2223.710
15-Aug-07,2193.400
16-Aug-07,2200.610
17-Aug-07,2254.680
20-Aug-07,2254.070
21-Aug-07,2256.530
22-Aug-07,2283.090
23-Aug-07,2280.680
24-Aug-07,2307.220
27-Aug-07,2287.620
28-Aug-07,2234.030
29-Aug-07,2283.580
30-Aug-07,2274.160
31-Aug-07,2299.710
04-Sep-07,2323.820
05-Sep-07,2298.160
06-Sep-07,2308.340
07-Sep-07,2269.320
10-Sep-07,2266.510
11-Sep-07,2297.410
12-Sep-07,2298.140
13-Sep-07,2317.630
14-Sep-07,2318.110
17-Sep-07,2306.250
18-Sep-07,2373.630
19-Sep-07,2388.150
20-Sep-07,2372.610
21-Sep-07,2383.550
24-Sep-07,2371.030
25-Sep-07,2370.270
26-Sep-07,2383.530
27-Sep-07,2392.920
28-Sep-07,2385.720
01-Oct-07,2417.440
02-Oct-07,2416.830
03-Oct-07,2406.300
04-Oct-07,2411.410
05-Oct-07,2435.160
08-Oct-07,2427.330
09-Oct-07,2447.030
10-Oct-07,2443.020
11-Oct-07,2430.550
12-Oct-07,2442.120
15-Oct-07,2421.670
16-Oct-07,2405.760
17-Oct-07,2410.220
18-Oct-07,2408.460
19-Oct-07,2346.780
22-Oct-07,2355.740
23-Oct-07,2376.480
24-Oct-07,2370.710
25-Oct-07,2368.430
26-Oct-07,2401.070
29-Oct-07,2410.330
30-Oct-07,2394.810
31-Oct-07,2423.670
01-Nov-07,2360.210
02-Nov-07,2362.210
05-Nov-07,2350.690
06-Nov-07,2379.050
07-Nov-07,2310.410
08-Nov-07,2309.180
09-Nov-07,2276.260
12-Nov-07,2253.530
13-Nov-07,2319.860
14-Nov-07,2304.060
15-Nov-07,2273.730
16-Nov-07,2285.670
19-Nov-07,2245.810
20-Nov-07,2256.020
21-Nov-07,2220.210
23-Nov-07,2257.950
26-Nov-07,2205.490
27-Nov-07,2238.520
28-Nov-07,2303.170
29-Nov-07,2304.430
30-Nov-07,2322.340
03-Dec-07,2308.740
04-Dec-07,2293.660
05-Dec-07,2329.710
06-Dec-07,2364.970
07-Dec-07,2360.790
10-Dec-07,2378.600
11-Dec-07,2318.520
12-Dec-07,2332.850
13-Dec-07,2335.790
14-Dec-07,2303.790
17-Dec-07,2269.240
18-Dec-07,2283.500
19-Dec-07,2280.470
20-Dec-07,2292.230
21-Dec-07,2330.810
24-Dec-07,2349.660
26-Dec-07,2351.600
27-Dec-07,2318.720
28-Dec-07,2322.110
31-Dec-07,2306.230
02-Jan-08,2273.410
03-Jan-08,2273.410
04-Jan-08,2217.590
07-Jan-08,2224.760
08-Jan-08,2184.670
09-Jan-08,2214.600
10-Jan-08,2232.250
11-Jan-08,2202.030
14-Jan-08,2225.980
15-Jan-08,2170.510
16-Jan-08,2158.570
17-Jan-08,2095.860
18-Jan-08,2083.240
22-Jan-08,2060.150
23-Jan-08,2104.370
24-Jan-08,2125.610
25-Jan-08,2091.880
28-Jan-08,2128.640
29-Jan-08,2141.850
30-Jan-08,2131.790
31-Jan-08,2167.900
01-Feb-08,2194.430
04-Feb-08,2171.510
05-Feb-08,2102.230
06-Feb-08,2087.050
07-Feb-08,2104.020
08-Feb-08,2095.210
11-Feb-08,2107.650
12-Feb-08,2123.060
13-Feb-08,2152.760
14-Feb-08,2123.940
15-Feb-08,2125.850
19-Feb-08,2124.120
20-Feb-08,2141.950
21-Feb-08,2115.130
22-Feb-08,2132.020
25-Feb-08,2161.510
26-Feb-08,2176.480
27-Feb-08,2175.000
28-Feb-08,2155.800
29-Feb-08,2097.480
03-Mar-08,2098.640
04-Mar-08,2091.420
05-Mar-08,2103.420
06-Mar-08,2057.440
07-Mar-08,2040.170
10-Mar-08,2008.710
11-Mar-08,2083.360
12-Mar-08,2065.210
13-Mar-08,2075.880
14-Mar-08,2032.790
17-Mar-08,2014.880
18-Mar-08,2100.380
19-Mar-08,2049.400
20-Mar-08,2098.460
24-Mar-08,2130.620
25-Mar-08,2135.540
26-Mar-08,2116.930
27-Mar-08,2093.110
28-Mar-08,2076.560
31-Mar-08,2088.420
01-Apr-08,2163.380
02-Apr-08,2159.630
03-Apr-08,2162.460
04-Apr-08,2164.210
07-Apr-08,2167.610
08-Apr-08,2157.280
09-Apr-08,2139.990
10-Apr-08,2149.670
11-Apr-08,2106.010
14-Apr-08,2098.920
15-Apr-08,2108.590
16-Apr-08,2156.670
17-Apr-08,2158.080
18-Apr-08,2197.240
21-Apr-08,2193.870
22-Apr-08,2174.590
23-Apr-08,2180.910
24-Apr-08,2194.960
25-Apr-08,2209.250
28-Apr-08,2207.020
29-Apr-08,2198.500
30-Apr-08,2190.130
01-May-08,2228.090
02-May-08,2235.300
05-May-08,2225.370
06-May-08,2242.470
07-May-08,2202.770
08-May-08,2210.950
09-May-08,2196.540
12-May-08,2220.810
13-May-08,2220.460
14-May-08,2229.740
15-May-08,2253.760
16-May-08,2256.640
19-May-08,2258.740
20-May-08,2237.790
21-May-08,2202.020
22-May-08,2208.200
23-May-08,2179.050
27-May-08,2193.980
28-May-08,2203.100
29-May-08,2215.120
30-May-08,2218.500
02-Jun-08,2195.270
03-Jun-08,2182.650
04-Jun-08,2183.010
05-Jun-08,2225.740
06-Jun-08,2157.240
09-Jun-08,2159.030
10-Jun-08,2153.770
11-Jun-08,2117.840
12-Jun-08,2124.940
13-Jun-08,2156.960
16-Jun-08,2157.140
17-Jun-08,2142.550
18-Jun-08,2121.780
19-Jun-08,2130.300
20-Jun-08,2090.820
23-Jun-08,2090.940
24-Jun-08,2085.080
25-Jun-08,2097.360
26-Jun-08,2036.400
27-Jun-08,2028.890
30-Jun-08,2031.470
01-Jul-08,2039.660
02-Jul-08,2002.640
03-Jul-08,2004.870
07-Jul-08,1988.090
08-Jul-08,2022.830
09-Jul-08,1976.970
10-Jul-08,1990.780
11-Jul-08,1968.860
14-Jul-08,1951.080
15-Jul-08,1929.850
16-Jul-08,1978.470
17-Jul-08,2002.300
18-Jul-08,2002.880
21-Jul-08,2001.860
22-Jul-08,2028.910
23-Jul-08,2037.150
24-Jul-08,1990.090
25-Jul-08,1998.410
28-Jul-08,1961.230
29-Jul-08,2007.210
30-Jul-08,2040.810
31-Jul-08,2014.390
01-Aug-08,2003.160
04-Aug-08,1985.230
05-Aug-08,2042.440
06-Aug-08,2050.230
07-Aug-08,2013.660
08-Aug-08,2061.770
11-Aug-08,2076.590
12-Aug-08,2051.660
13-Aug-08,2046.350
14-Aug-08,2057.720
15-Aug-08,2066.360
18-Aug-08,2035.300
19-Aug-08,2016.520
20-Aug-08,2029.150
21-Aug-08,2034.350
22-Aug-08,2057.640
25-Aug-08,2017.270
26-Aug-08,2024.720
27-Aug-08,2041.240
28-Aug-08,2071.860
29-Aug-08,2043.530
02-Sep-08,2035.240
03-Sep-08,2032.130
04-Sep-08,1971.370
05-Sep-08,1980.180
08-Sep-08,2021.130
09-Sep-08,1952.140
10-Sep-08,1964.250
11-Sep-08,1992.000
12-Sep-08,1996.260
15-Sep-08,1902.170
16-Sep-08,1935.490
17-Sep-08,1844.310
18-Sep-08,1924.850
19-Sep-08,2002.320
22-Sep-08,1925.860
23-Sep-08,1895.780
24-Sep-08,1892.050
25-Sep-08,1929.240
26-Sep-08,1935.790
29-Sep-08,1765.720
30-Sep-08,1861.440
01-Oct-08,1853.260
02-Oct-08,1778.900
03-Oct-08,1754.910
06-Oct-08,1687.340
07-Oct-08,1590.510
08-Oct-08,1573.340
09-Oct-08,1453.520
10-Oct-08,1436.560
13-Oct-08,1602.930
14-Oct-08,1594.410
15-Oct-08,1450.500
16-Oct-08,1512.210
17-Oct-08,1502.840
20-Oct-08,1574.500
21-Oct-08,1526.020
22-Oct-08,1433.220
23-Oct-08,1451.370
24-Oct-08,1401.290
27-Oct-08,1356.780
28-Oct-08,1503.160
29-Oct-08,1486.730
30-Oct-08,1525.370
31-Oct-08,1548.810
03-Nov-08,1544.910
04-Nov-08,1608.000
05-Nov-08,1524.210
06-Nov-08,1448.010
07-Nov-08,1490.310
10-Nov-08,1471.640
11-Nov-08,1439.220
12-Nov-08,1365.150
13-Nov-08,1459.820
14-Nov-08,1399.200
17-Nov-08,1363.140
18-Nov-08,1376.820
19-Nov-08,1292.760
20-Nov-08,1206.040
21-Nov-08,1282.590
24-Nov-08,1365.630
25-Nov-08,1374.790
26-Nov-08,1423.900
28-Nov-08,1437.680
01-Dec-08,1309.390
02-Dec-08,1361.790
03-Dec-08,1397.720
04-Dec-08,1356.810
05-Dec-08,1406.360
08-Dec-08,1460.600
09-Dec-08,1426.880
10-Dec-08,1444.000
11-Dec-08,1403.200
12-Dec-08,1413.070
15-Dec-08,1395.210
16-Dec-08,1466.870
17-Dec-08,1452.880
18-Dec-08,1422.190
19-Dec-08,1426.390
22-Dec-08,1400.420
23-Dec-08,1387.080
24-Dec-08,1395.760
26-Dec-08,1403.220
29-Dec-08,1398.250
30-Dec-08,1432.650
31-Dec-08,1452.980
02-Jan-09,1499.170
05-Jan-09,1492.210
06-Jan-09,1503.870
07-Jan-09,1459.580
08-Jan-09,1464.600
09-Jan-09,1433.410
12-Jan-09,1401.070
13-Jan-09,1403.630
14-Jan-09,1356.790
15-Jan-09,1358.640
16-Jan-09,1368.920
20-Jan-09,1296.630
21-Jan-09,1353.330
22-Jan-09,1332.840
23-Jan-09,1340.020
26-Jan-09,1347.470
27-Jan-09,1362.180
28-Jan-09,1408.070
29-Jan-09,1361.540
30-Jan-09,1330.510
02-Feb-09,1329.810
03-Feb-09,1350.890
04-Feb-09,1341.770
05-Feb-09,1363.820
06-Feb-09,1401.060
09-Feb-09,1403.190
10-Feb-09,1334.300
11-Feb-09,1345.500
12-Feb-09,1348.150
13-Feb-09,1334.830
17-Feb-09,1274.260
18-Feb-09,1273.290
19-Feb-09,1258.820
20-Feb-09,1244.720
23-Feb-09,1201.560
24-Feb-09,1249.760
25-Feb-09,1236.740
26-Feb-09,1217.490
27-Feb-09,1188.840
02-Mar-09,1133.430
03-Mar-09,1126.180
04-Mar-09,1153.350
05-Mar-09,1104.380
06-Mar-09,1106.000
09-Mar-09,1095.040
10-Mar-09,1164.830
11-Mar-09,1168.070
12-Mar-09,1215.870
13-Mar-09,1225.320
16-Mar-09,1221.030
17-Mar-09,1260.290
18-Mar-09,1286.620
19-Mar-09,1269.930
20-Mar-09,1244.860
23-Mar-09,1333.210
24-Mar-09,1306.030
25-Mar-09,1318.610
26-Mar-09,1349.370
27-Mar-09,1322.190
30-Mar-09,1276.220
31-Mar-09,1292.980
01-Apr-09,1314.630
02-Apr-09,1352.470
03-Apr-09,1365.660
06-Apr-09,1354.360
07-Apr-09,1322.910
08-Apr-09,1338.530
09-Apr-09,1389.490
13-Apr-09,1393.130
14-Apr-09,1365.200
15-Apr-09,1382.360
16-Apr-09,1403.890
17-Apr-09,1410.850
20-Apr-09,1350.520
21-Apr-09,1379.220
22-Apr-09,1368.920
23-Apr-09,1382.520
24-Apr-09,1405.740
27-Apr-09,1391.580
28-Apr-09,1387.820
29-Apr-09,1417.990
30-Apr-09,1416.730
01-May-09,1424.410
04-May-09,1472.640
05-May-09,1467.250
06-May-09,1493.310
07-May-09,1473.660
08-May-09,1509.140
11-May-09,1477.200
12-May-09,1475.830
13-May-09,1436.740
14-May-09,1451.790
15-May-09,1435.480
18-May-09,1479.240
19-May-09,1476.940
20-May-09,1469.470
21-May-09,1445.280
22-May-09,1443.140
26-May-09,1481.100
27-May-09,1453.280
28-May-09,1475.940
29-May-09,1495.970
01-Jun-09,1534.650
02-Jun-09,1537.690
03-Jun-09,1516.880
04-Jun-09,1534.590
05-Jun-09,1530.820
08-Jun-09,1529.590
09-Jun-09,1535.030
10-Jun-09,1529.760
11-Jun-09,1539.500
12-Jun-09,1541.700
15-Jun-09,1505.060
16-Jun-09,1485.920
17-Jun-09,1483.900
18-Jun-09,1496.590
19-Jun-09,1501.250
22-Jun-09,1455.540
23-Jun-09,1458.920
24-Jun-09,1468.480
25-Jun-09,1499.980
26-Jun-09,1498.080
29-Jun-09,1511.700
30-Jun-09,1498.940
01-Jul-09,1505.640
02-Jul-09,1461.800
06-Jul-09,1465.580
07-Jul-09,1436.740
08-Jul-09,1435.200
09-Jul-09,1440.300
10-Jul-09,1434.500
13-Jul-09,1470.430
14-Jul-09,1478.240
15-Jul-09,1522.090
16-Jul-09,1535.300
17-Jul-09,1534.710
20-Jul-09,1552.260
21-Jul-09,1557.910
22-Jul-09,1557.370
23-Jul-09,1593.650
24-Jul-09,1598.500
27-Jul-09,1603.260
28-Jul-09,1599.090
29-Jul-09,1592.000
30-Jul-09,1611.140
31-Jul-09,1612.310
03-Aug-09,1637.060
04-Aug-09,1642.030
05-Aug-09,1637.810
06-Aug-09,1628.820
07-Aug-09,1650.730
10-Aug-09,1645.260
11-Aug-09,1624.910
12-Aug-09,1644.230
13-Aug-09,1655.660
14-Aug-09,1641.540
17-Aug-09,1602.060
18-Aug-09,1618.600
19-Aug-09,1629.920
20-Aug-09,1647.850
21-Aug-09,1678.840
24-Aug-09,1677.940
25-Aug-09,1681.920
26-Aug-09,1682.290
27-Aug-09,1687.160
28-Aug-09,1684.050
31-Aug-09,1670.520
01-Sep-09,1633.630
02-Sep-09,1628.660
03-Sep-09,1642.680
04-Sep-09,1664.340
08-Sep-09,1679.320
09-Sep-09,1692.480
10-Sep-09,1710.140
11-Sep-09,1708.180
14-Sep-09,1719.040
15-Sep-09,1724.450
16-Sep-09,1750.910
17-Sep-09,1745.800
18-Sep-09,1750.430
21-Sep-09,1744.470
22-Sep-09,1755.990
23-Sep-09,1738.320
24-Sep-09,1722.020
25-Sep-09,1711.530
28-Sep-09,1742.320
29-Sep-09,1738.480
30-Sep-09,1732.860
01-Oct-09,1688.240
02-Oct-09,1680.700
05-Oct-09,1705.730
06-Oct-09,1729.140
07-Oct-09,1734.740
08-Oct-09,1747.700
09-Oct-09,1757.600
12-Oct-09,1765.310
13-Oct-09,1760.510
14-Oct-09,1791.470
15-Oct-09,1798.910
16-Oct-09,1784.350
19-Oct-09,1801.120
20-Oct-09,1789.930
21-Oct-09,1774.330
22-Oct-09,1793.340
23-Oct-09,1771.500
26-Oct-09,1750.750
27-Oct-09,1744.950
28-Oct-09,1711.090
29-Oct-09,1749.760
30-Oct-09,1700.670
02-Nov-09,1711.650
03-Nov-09,1715.810
04-Nov-09,1718.210
05-Nov-09,1751.450
06-Nov-09,1756.070
09-Nov-09,1795.560
10-Nov-09,1795.900
11-Nov-09,1804.930
12-Nov-09,1786.660
13-Nov-09,1796.930
16-Nov-09,1823.290
17-Nov-09,1825.180
18-Nov-09,1824.610
19-Nov-09,1800.120
20-Nov-09,1794.650
23-Nov-09,1819.170
24-Nov-09,1818.310
25-Nov-09,1826.740
27-Nov-09,1795.700
30-Nov-09,1802.680
01-Dec-09,1824.540
02-Dec-09,1825.400
03-Dec-09,1810.130
04-Dec-09,1820.110
07-Dec-09,1815.700
08-Dec-09,1797.310
09-Dec-09,1804.100
10-Dec-09,1814.810
11-Dec-09,1821.800
14-Dec-09,1834.550
15-Dec-09,1824.370
16-Dec-09,1826.450
17-Dec-09,1804.960
18-Dec-09,1815.500
21-Dec-09,1834.590
22-Dec-09,1841.170
23-Dec-09,1845.800
24-Dec-09,1855.500
28-Dec-09,1857.890
29-Dec-09,1855.610
30-Dec-09,1856.140
31-Dec-09,1837.500
04-Jan-10,1867.060
05-Jan-10,1872.900
06-Jan-10,1874.730
07-Jan-10,1882.340
08-Jan-10,1887.770
11-Jan-10,1891.060
12-Jan-10,1873.320
13-Jan-10,1889.100
14-Jan-10,1893.720
15-Jan-10,1873.300
19-Jan-10,1896.720
20-Jan-10,1876.900
21-Jan-10,1841.390
22-Jan-10,1800.610
25-Jan-10,1808.930
26-Jan-10,1801.340
27-Jan-10,1810.210
28-Jan-10,1788.970
29-Jan-10,1771.400
01-Feb-10,1796.670
02-Feb-10,1819.990
03-Feb-10,1810.640
04-Feb-10,1754.300
05-Feb-10,1759.380
08-Feb-10,1744.370
09-Feb-10,1767.180
10-Feb-10,1763.690
11-Feb-10,1781.010
12-Feb-10,1776.500
16-Feb-10,1808.720
17-Feb-10,1816.700
18-Feb-10,1828.810
19-Feb-10,1833.090
22-Feb-10,1831.210
23-Feb-10,1809.050
24-Feb-10,1826.990
25-Feb-10,1823.640
26-Feb-10,1826.270
01-Mar-10,1844.870
02-Mar-10,1849.170
03-Mar-10,1850.240
04-Mar-10,1857.200
05-Mar-10,1883.280
08-Mar-10,1883.290
09-Mar-10,1886.600
10-Mar-10,1895.380
11-Mar-10,1903.680
12-Mar-10,1903.290
15-Mar-10,1904.190
16-Mar-10,1919.020
17-Mar-10,1930.220
18-Mar-10,1929.630
19-Mar-10,1919.800
22-Mar-10,1929.640
23-Mar-10,1943.700
24-Mar-10,1933.040
25-Mar-10,1929.750
26-Mar-10,1931.180
29-Mar-10,1942.510
30-Mar-10,1942.810
31-Mar-10,1936.480
01-Apr-10,1950.910
05-Apr-10,1966.440
06-Apr-10,1969.760
07-Apr-10,1959.040
08-Apr-10,1965.720
09-Apr-10,1978.860
12-Apr-10,1982.400
13-Apr-10,1983.910
14-Apr-10,2006.060
15-Apr-10,2007.740
16-Apr-10,1975.360
19-Apr-10,1984.320
20-Apr-10,2000.330
21-Apr-10,1998.310
22-Apr-10,2002.930
23-Apr-10,2017.190
26-Apr-10,2008.550
27-Apr-10,1961.600
28-Apr-10,1974.630
29-Apr-10,2000.340
30-Apr-10,1967.050
03-May-10,1992.870
04-May-10,1945.370
05-May-10,1933.250
06-May-10,1870.950
07-May-10,1842.320
10-May-10,1923.390
11-May-10,1917.250
12-May-10,1944.250
13-May-10,1920.760
14-May-10,1884.670
17-May-10,1887.110
18-May-10,1860.650
19-May-10,1851.280
20-May-10,1779.300
21-May-10,1806.050
24-May-10,1782.770
25-May-10,1783.400
26-May-10,1773.650
27-May-10,1832.610
28-May-10,1809.980
01-Jun-10,1778.990
02-Jun-10,1825.250
03-Jun-10,1832.720
04-Jun-10,1769.720
07-Jun-10,1745.870
08-Jun-10,1765.290
09-Jun-10,1754.910
10-Jun-10,1806.690
11-Jun-10,1815.260
14-Jun-10,1812.020
15-Jun-10,1854.610
16-Jun-10,1853.620
17-Jun-10,1856.250
18-Jun-10,1858.700
21-Jun-10,1851.550
22-Jun-10,1822.050
23-Jun-10,1816.650
24-Jun-10,1786.130
25-Jun-10,1791.240
28-Jun-10,1787.940
29-Jun-10,1732.550
30-Jun-10,1715.230
01-Jul-10,1709.770
02-Jul-10,1701.860
06-Jul-10,1710.970
07-Jul-10,1765.420
08-Jul-10,1782.100
09-Jul-10,1794.940
12-Jul-10,1796.300
13-Jul-10,1824.070
14-Jul-10,1823.820
15-Jul-10,1826.000
16-Jul-10,1773.430
19-Jul-10,1784.060
20-Jul-10,1804.480
21-Jul-10,1781.600
22-Jul-10,1821.760
23-Jul-10,1836.750
26-Jul-10,1857.340
27-Jul-10,1855.390
28-Jul-10,1842.660
29-Jul-10,1835.290
30-Jul-10,1835.400
02-Aug-10,1875.850
03-Aug-10,1866.870
04-Aug-10,1878.810
05-Aug-10,1876.510
06-Aug-10,1869.770
09-Aug-10,1880.060
10-Aug-10,1868.880
11-Aug-10,1817.130
12-Aug-10,1807.610
13-Aug-10,1800.390
16-Aug-10,1800.700
17-Aug-10,1823.180
18-Aug-10,1826.140
19-Aug-10,1795.240
20-Aug-10,1788.670
23-Aug-10,1781.470
24-Aug-10,1755.650
25-Aug-10,1761.620
26-Aug-10,1748.140
27-Aug-10,1777.600
30-Aug-10,1751.790
31-Aug-10,1752.550
01-Sep-10,1804.460
02-Sep-10,1820.980
03-Sep-10,1845.100
07-Sep-10,1824.050
08-Sep-10,1836.210
09-Sep-10,1845.090
10-Sep-10,1854.100
13-Sep-10,1875.410
14-Sep-10,1874.070
15-Sep-10,1880.740
16-Sep-10,1880.370
17-Sep-10,1881.930
20-Sep-10,1910.600
21-Sep-10,1905.740
22-Sep-10,1896.770
23-Sep-10,1880.970
24-Sep-10,1920.840
27-Sep-10,1909.980
28-Sep-10,1919.590
29-Sep-10,1914.840
30-Sep-10,1908.950
01-Oct-10,1917.420
04-Oct-10,1902.150
05-Oct-10,1941.820
06-Oct-10,1941.500
07-Oct-10,1938.310
08-Oct-10,1950.180
11-Oct-10,1950.470
12-Oct-10,1957.920
13-Oct-10,1972.080
14-Oct-10,1964.900
15-Oct-10,1968.870
18-Oct-10,1983.170
19-Oct-10,1951.670
20-Oct-10,1972.510
21-Oct-10,1976.120
22-Oct-10,1980.830
25-Oct-10,1985.110
26-Oct-10,1985.130
27-Oct-10,1980.050
28-Oct-10,1982.450
29-Oct-10,1981.590
01-Nov-10,1983.470
02-Nov-10,1998.860
03-Nov-10,2006.580
04-Nov-10,2045.620
05-Nov-10,2053.770
08-Nov-10,2049.690
09-Nov-10,2033.850
10-Nov-10,2043.160
11-Nov-10,2034.480
12-Nov-10,2010.570
15-Nov-10,2008.250
16-Nov-10,1976.260
17-Nov-10,1977.000
18-Nov-10,2007.380
19-Nov-10,2012.590
22-Nov-10,2009.520
23-Nov-10,1980.890
24-Nov-10,2010.560
26-Nov-10,1996.030
29-Nov-10,1993.830
30-Nov-10,1981.840
01-Dec-10,2024.970
02-Dec-10,2050.960
03-Dec-10,2056.400
06-Dec-10,2053.800
07-Dec-10,2054.890
08-Dec-10,2063.030
09-Dec-10,2071.120
10-Dec-10,2083.570
13-Dec-10,2084.000
14-Dec-10,2085.930
15-Dec-10,2075.290
16-Dec-10,2088.190
17-Dec-10,2089.950
20-Dec-10,2095.320
21-Dec-10,2108.260
22-Dec-10,2115.690
23-Dec-10,2112.370
27-Dec-10,2113.670
28-Dec-10,2115.320
29-Dec-10,2117.830
30-Dec-10,2114.700
31-Dec-10,2114.290
03-Jan-11,2138.300
04-Jan-11,2135.530
05-Jan-11,2146.500
06-Jan-11,2142.760
07-Jan-11,2138.810
10-Jan-11,2135.860
11-Jan-11,2143.820
12-Jan-11,2163.360
13-Jan-11,2159.660
14-Jan-11,2175.680
18-Jan-11,2178.720
19-Jan-11,2156.970
20-Jan-11,2154.180
21-Jan-11,2159.430
24-Jan-11,2172.030
25-Jan-11,2172.670
26-Jan-11,2181.920
27-Jan-11,2186.930
28-Jan-11,2147.950
31-Jan-11,2164.400
01-Feb-11,2200.540
02-Feb-11,2194.940
03-Feb-11,2200.420
04-Feb-11,2206.800
07-Feb-11,2220.600
08-Feb-11,2230.590
09-Feb-11,2224.640
10-Feb-11,2226.510
11-Feb-11,2239.080
14-Feb-11,2244.890
15-Feb-11,2237.900
16-Feb-11,2252.300
17-Feb-11,2259.420
18-Feb-11,2263.790
22-Feb-11,2217.350
23-Feb-11,2203.890
24-Feb-11,2202.230
25-Feb-11,2226.050
28-Feb-11,2238.550
01-Mar-11,2203.320
02-Mar-11,2207.240
03-Mar-11,2245.330
04-Mar-11,2228.780
07-Mar-11,2210.260
08-Mar-11,2230.400
09-Mar-11,2227.700
10-Mar-11,2185.650
11-Mar-11,2201.810
14-Mar-11,2188.560
15-Mar-11,2164.060
16-Mar-11,2121.940
17-Mar-11,2150.430
18-Mar-11,2159.690
21-Mar-11,2192.090
22-Mar-11,2184.570
23-Mar-11,2190.960
24-Mar-11,2211.420
25-Mar-11,2218.420
28-Mar-11,2212.320
29-Mar-11,2228.410
30-Mar-11,2243.550
31-Mar-11,2239.440
01-Apr-11,2250.580
04-Apr-11,2251.640
05-Apr-11,2251.260
06-Apr-11,2257.110
07-Apr-11,2253.760
08-Apr-11,2244.740
11-Apr-11,2238.510
12-Apr-11,2221.120
13-Apr-11,2221.770
14-Apr-11,2221.990
15-Apr-11,2230.710
18-Apr-11,2206.150
19-Apr-11,2218.860
20-Apr-11,2248.900
21-Apr-11,2260.840
25-Apr-11,2257.240
26-Apr-11,2277.510
27-Apr-11,2292.130
28-Apr-11,2300.460
29-Apr-11,2305.760
02-May-11,2301.720
03-May-11,2293.950
04-May-11,2278.630
05-May-11,2258.080
06-May-11,2266.970
09-May-11,2277.300
10-May-11,2295.720
11-May-11,2271.470
12-May-11,2282.840
13-May-11,2264.520
16-May-11,2250.610
17-May-11,2250.350
18-May-11,2270.570
19-May-11,2275.710
20-May-11,2258.210
23-May-11,2231.310
24-May-11,2229.490
25-May-11,2236.750
26-May-11,2246.130
27-May-11,2255.740
31-May-11,2279.660
01-Jun-11,2227.960
02-Jun-11,2225.360
03-Jun-11,2203.810
06-Jun-11,2180.140
07-Jun-11,2178.150
08-Jun-11,2169.500
09-Jun-11,2185.520
10-Jun-11,2155.000
13-Jun-11,2157.150
14-Jun-11,2184.480
15-Jun-11,2146.450
16-Jun-11,2150.580
17-Jun-11,2157.140
20-Jun-11,2168.800
21-Jun-11,2198.150
22-Jun-11,2184.030
23-Jun-11,2177.850
24-Jun-11,2152.310
27-Jun-11,2172.080
28-Jun-11,2200.680
29-Jun-11,2219.200
30-Jun-11,2241.660
01-Jul-11,2274.260
05-Jul-11,2271.290
06-Jul-11,2274.420
07-Jul-11,2298.310
08-Jul-11,2282.320
11-Jul-11,2241.070
12-Jul-11,2231.150
13-Jul-11,2238.290
14-Jul-11,2223.290
15-Jul-11,2235.650
18-Jul-11,2217.550
19-Jul-11,2253.710
20-Jul-11,2252.520
21-Jul-11,2283.230
22-Jul-11,2285.340
25-Jul-11,2272.470
26-Jul-11,2263.150
27-Jul-11,2217.290
28-Jul-11,2210.330
29-Jul-11,2196.080
01-Aug-11,2187.000
02-Aug-11,2131.100
03-Aug-11,2142.560
04-Aug-11,2040.200
05-Aug-11,2039.040
08-Aug-11,1903.470
09-Aug-11,1993.760
10-Aug-11,1906.530
11-Aug-11,1995.140
12-Aug-11,2005.670
15-Aug-11,2049.510
16-Aug-11,2029.920
17-Aug-11,2032.410
18-Aug-11,1941.920
19-Aug-11,1912.770
22-Aug-11,1913.270
23-Aug-11,1978.890
24-Aug-11,2005.130
25-Aug-11,1973.960
26-Aug-11,2004.110
29-Aug-11,2061.050
30-Aug-11,2066.370
31-Aug-11,2076.780
01-Sep-11,2052.300
02-Sep-11,2000.500
06-Sep-11,1985.670
07-Sep-11,2043.050
08-Sep-11,2021.420
09-Sep-11,1967.470
12-Sep-11,1981.300
13-Sep-11,2000.080
14-Sep-11,2027.040
15-Sep-11,2062.250
16-Sep-11,2074.060
19-Sep-11,2053.740
20-Sep-11,2050.390
21-Sep-11,1990.200
22-Sep-11,1926.760
23-Sep-11,1938.730
26-Sep-11,1983.970
27-Sep-11,2005.190
28-Sep-11,1964.200
29-Sep-11,1980.230
30-Sep-11,1930.790
03-Oct-11,1875.950
04-Oct-11,1918.390
05-Oct-11,1953.670
06-Oct-11,1989.610
07-Oct-11,1973.420
10-Oct-11,2040.760
11-Oct-11,2041.900
12-Oct-11,2062.220
13-Oct-11,2056.260
14-Oct-11,2091.990
17-Oct-11,2051.540
18-Oct-11,2093.430
19-Oct-11,2067.280
20-Oct-11,2076.750
21-Oct-11,2115.860
24-Oct-11,2143.130
25-Oct-11,2100.170
26-Oct-11,2122.320
27-Oct-11,2195.220
28-Oct-11,2196.130
31-Oct-11,2141.810
01-Nov-11,2081.970
02-Nov-11,2115.700
03-Nov-11,2155.870
04-Nov-11,2142.340
07-Nov-11,2156.000
08-Nov-11,2182.610
09-Nov-11,2102.720
10-Nov-11,2121.140
11-Nov-11,2162.480
14-Nov-11,2142.090
15-Nov-11,2152.800
16-Nov-11,2117.640
17-Nov-11,2082.100
18-Nov-11,2081.420
21-Nov-11,2042.710
22-Nov-11,2034.410
23-Nov-11,1989.540
25-Nov-11,1984.500
28-Nov-11,2042.800
29-Nov-11,2048.060
30-Nov-11,2137.080
01-Dec-11,2133.070
02-Dec-11,2132.640
05-Dec-11,2154.680
06-Dec-11,2157.100
07-Dec-11,2162.070
08-Dec-11,2116.410
09-Dec-11,2152.150
12-Dec-11,2120.150
13-Dec-11,2102.150
14-Dec-11,2078.510
15-Dec-11,2085.440
16-Dec-11,2092.180
19-Dec-11,2067.670
20-Dec-11,2129.670
21-Dec-11,2133.860
22-Dec-11,2152.040
23-Dec-11,2171.500
27-Dec-11,2171.710
28-Dec-11,2145.090
29-Dec-11,2168.120
30-Dec-11,2158.940
03-Jan-12,2192.400
04-Jan-12,2193.280
05-Jan-12,2199.730
06-Jan-12,2194.980
09-Jan-12,2200.000
10-Jan-12,2219.580
11-Jan-12,2220.480
12-Jan-12,2225.740
13-Jan-12,2214.730
17-Jan-12,2222.590
18-Jan-12,2247.640
19-Jan-12,2258.800
20-Jan-12,2260.370
23-Jan-12,2261.470
24-Jan-12,2259.220
25-Jan-12,2278.830
26-Jan-12,2265.840
27-Jan-12,2262.350
30-Jan-12,2256.720
31-Jan-12,2255.690
01-Feb-12,2276.240
02-Feb-12,2278.920
03-Feb-12,2312.490
06-Feb-12,2311.550
07-Feb-12,2316.270
08-Feb-12,2322.110
09-Feb-12,2325.560
10-Feb-12,2309.600
13-Feb-12,2325.810
14-Feb-12,2324.000
15-Feb-12,2312.280
16-Feb-12,2338.120
17-Feb-12,2343.670
21-Feb-12,2345.410
22-Feb-12,2337.670
23-Feb-12,2348.110
24-Feb-12,2352.340
27-Feb-12,2355.740
28-Feb-12,2364.030
29-Feb-12,2353.230
01-Mar-12,2367.870
02-Mar-12,2360.280
05-Mar-12,2351.280
06-Mar-12,2315.210
07-Mar-12,2331.890
08-Mar-12,2355.010
09-Mar-12,2363.560
12-Mar-12,2364.100
13-Mar-12,2407.790
14-Mar-12,2404.980
15-Mar-12,2419.370
16-Mar-12,2422.090
19-Mar-12,2431.730
20-Mar-12,2424.460
21-Mar-12,2420.020
22-Mar-12,2402.710
23-Mar-12,2410.160
26-Mar-12,2443.640
27-Mar-12,2437.010
28-Mar-12,2425.550
29-Mar-12,2421.700
30-Mar-12,2430.670
02-Apr-12,2449.080
03-Apr-12,2439.890
04-Apr-12,2415.050
05-Apr-12,2414.400
09-Apr-12,2387.030
10-Apr-12,2346.270
11-Apr-12,2364.090
12-Apr-12,2396.690
13-Apr-12,2366.840
16-Apr-12,2365.650
17-Apr-12,2402.290
18-Apr-12,2392.570
19-Apr-12,2378.480
20-Apr-12,2381.320
23-Apr-12,2361.350
24-Apr-12,2370.040
25-Apr-12,2402.710
26-Apr-12,2418.890
27-Apr-12,2424.780
30-Apr-12,2415.420
01-May-12,2429.100
02-May-12,2423.290
03-May-12,2405.170
04-May-12,2366.390
07-May-12,2367.260
08-May-12,2357.450
09-May-12,2342.310
10-May-12,2348.930
11-May-12,2341.230
14-May-12,2315.450
15-May-12,2302.560
16-May-12,2293.210
17-May-12,2258.930
18-May-12,2242.250
21-May-12,2278.240
22-May-12,2279.400
23-May-12,2283.360
24-May-12,2286.870
25-May-12,2281.920
29-May-12,2307.570
30-May-12,2275.190
31-May-12,2270.250
01-Jun-12,2214.410
04-Jun-12,2214.700
05-Jun-12,2227.450
06-Jun-12,2279.420
07-Jun-12,2279.280
08-Jun-12,2297.820
11-Jun-12,2268.940
12-Jun-12,2295.400
13-Jun-12,2280.130
14-Jun-12,2304.830
15-Jun-12,2328.660
18-Jun-12,2332.070
19-Jun-12,2355.010
20-Jun-12,2351.140
21-Jun-12,2299.160
22-Jun-12,2315.650
25-Jun-12,2278.980
26-Jun-12,2289.860
27-Jun-12,2310.980
28-Jun-12,2306.220
29-Jun-12,2363.790
02-Jul-12,2369.750
03-Jul-12,2385.060
05-Jul-12,2373.910
06-Jul-12,2352.340
09-Jul-12,2348.520
10-Jul-12,2329.460
11-Jul-12,2329.710
12-Jul-12,2318.090
13-Jul-12,2356.400
16-Jul-12,2350.940
17-Jul-12,2368.360
18-Jul-12,2384.540
19-Jul-12,2391.270
20-Jul-12,2367.260
23-Jul-12,2346.220
24-Jul-12,2325.020
25-Jul-12,2324.330
26-Jul-12,2362.850
27-Jul-12,2408.070
30-Jul-12,2406.990
31-Jul-12,2396.620
01-Aug-12,2389.730
02-Aug-12,2372.310
03-Aug-12,2417.770
06-Aug-12,2423.460
07-Aug-12,2435.880
08-Aug-12,2438.160
09-Aug-12,2440.230
10-Aug-12,2445.640
13-Aug-12,2443.050
14-Aug-12,2443.160
15-Aug-12,2446.820
16-Aug-12,2464.380
17-Aug-12,2469.000
20-Aug-12,2468.990
21-Aug-12,2460.410
22-Aug-12,2461.120
23-Aug-12,2441.290
24-Aug-12,2457.400
27-Aug-12,2456.220
28-Aug-12,2454.390
29-Aug-12,2457.050
30-Aug-12,2438.200
31-Aug-12,2450.600
04-Sep-12,2447.800
05-Sep-12,2445.810
06-Sep-12,2496.120
07-Sep-12,2506.370
10-Sep-12,2491.110
11-Sep-12,2498.950
12-Sep-12,2504.840
13-Sep-12,2546.030
14-Sep-12,2556.130
17-Sep-12,2548.260
18-Sep-12,2545.050
19-Sep-12,2548.110
20-Sep-12,2547.110
21-Sep-12,2546.920
24-Sep-12,2541.230
25-Sep-12,2514.830
26-Sep-12,2500.920
27-Sep-12,2525.230
28-Sep-12,2513.930
01-Oct-12,2520.710
02-Oct-12,2523.080
03-Oct-12,2532.790
04-Oct-12,2550.980
05-Oct-12,2551.030
08-Oct-12,2542.210
09-Oct-12,2517.140
10-Oct-12,2501.750
11-Oct-12,2502.660
12-Oct-12,2495.280
15-Oct-12,2515.440
16-Oct-12,2541.280
17-Oct-12,2552.050
18-Oct-12,2545.950
19-Oct-12,2503.800
22-Oct-12,2504.960
23-Oct-12,2468.780
24-Oct-12,2461.180
25-Oct-12,2468.600
26-Oct-12,2466.800
31-Oct-12,2467.510
01-Nov-12,2494.670
02-Nov-12,2471.300
05-Nov-12,2476.940
06-Nov-12,2496.460
07-Nov-12,2439.480
08-Nov-12,2409.720
09-Nov-12,2413.920
12-Nov-12,2414.240
13-Nov-12,2405.380
14-Nov-12,2372.940
15-Nov-12,2369.320
16-Nov-12,2381.020
19-Nov-12,2428.470
20-Nov-12,2430.290
21-Nov-12,2435.970
23-Nov-12,2468.060
26-Nov-12,2463.120
27-Nov-12,2450.480
28-Nov-12,2470.470
29-Nov-12,2481.420
30-Nov-12,2481.820
03-Dec-12,2470.070
04-Dec-12,2465.900
05-Dec-12,2470.590
06-Dec-12,2479.400
07-Dec-12,2486.840
10-Dec-12,2487.780
11-Dec-12,2504.080
12-Dec-12,2505.760
13-Dec-12,2490.560
14-Dec-12,2480.360
17-Dec-12,2509.840
18-Dec-12,2538.720
19-Dec-12,2519.540
20-Dec-12,2533.910
21-Dec-12,2510.320
24-Dec-12,2504.510
26-Dec-12,2492.540
27-Dec-12,2489.970
28-Dec-12,2462.710
31-Dec-12,2504.440
02-Jan-13,2568.550
03-Jan-13,2563.190
04-Jan-13,2575.660
07-Jan-13,2567.630
08-Jan-13,2560.170
09-Jan-13,2567.020
10-Jan-13,2586.520
11-Jan-13,2586.690
14-Jan-13,2584.270
15-Jan-13,2587.200
16-Jan-13,2588.020
17-Jan-13,2602.640
18-Jan-13,2611.540
22-Jan-13,2623.220
23-Jan-13,2627.230
24-Jan-13,2627.330
25-Jan-13,2641.640
28-Jan-13,2636.830
29-Jan-13,2650.430
30-Jan-13,2640.770
31-Jan-13,2634.160
01-Feb-13,2660.700
04-Feb-13,2630.050
05-Feb-13,2657.760
06-Feb-13,2659.550
07-Feb-13,2655.840
08-Feb-13,2670.850
11-Feb-13,2669.370
12-Feb-13,2673.770
13-Feb-13,2676.600
14-Feb-13,2678.770
15-Feb-13,2676.210
19-Feb-13,2696.260
20-Feb-13,2662.940
21-Feb-13,2646.750
22-Feb-13,2670.360
25-Feb-13,2621.460
26-Feb-13,2637.890
27-Feb-13,2672.110
28-Feb-13,2669.920
01-Mar-13,2676.180
04-Mar-13,2688.540
05-Mar-13,2714.350
06-Mar-13,2718.070
07-Mar-13,2723.270
08-Mar-13,2735.670
11-Mar-13,2744.810
12-Mar-13,2738.350
13-Mar-13,2742.870
14-Mar-13,2758.300
15-Mar-13,2753.820
18-Mar-13,2738.680
19-Mar-13,2732.090
20-Mar-13,2750.420
21-Mar-13,2727.690
22-Mar-13,2747.250
25-Mar-13,2738.080
26-Mar-13,2760.320
27-Mar-13,2758.850
28-Mar-13,2770.050
01-Apr-13,2757.830
02-Apr-13,2772.110
03-Apr-13,2743.380
04-Apr-13,2754.670
05-Apr-13,2742.860
08-Apr-13,2761.050
09-Apr-13,2770.840
10-Apr-13,2804.810
11-Apr-13,2815.020
12-Apr-13,2807.100
15-Apr-13,2742.630
16-Apr-13,2781.860
17-Apr-13,2742.010
18-Apr-13,2723.720
19-Apr-13,2747.940
22-Apr-13,2760.800
23-Apr-13,2789.560
24-Apr-13,2789.930
25-Apr-13,2801.280
26-Apr-13,2796.240
29-Apr-13,2816.390
30-Apr-13,2823.420
01-May-13,2797.280
02-May-13,2823.820
03-May-13,2853.880
06-May-13,2859.340
07-May-13,2874.460
08-May-13,2887.610
09-May-13,2878.300
10-May-13,2890.770
13-May-13,2891.170
14-May-13,2921.120
15-May-13,2936.980
16-May-13,2922.400
17-May-13,2952.560
20-May-13,2950.530
21-May-13,2955.690
22-May-13,2931.580
23-May-13,2923.430
24-May-13,2921.880
28-May-13,2940.450
29-May-13,2920.180
30-May-13,2931.390
31-May-13,2889.460
03-Jun-13,2906.910
04-Jun-13,2891.020
05-Jun-13,2851.890
06-Jun-13,2876.500
07-Jun-13,2913.460
10-Jun-13,2912.630
11-Jun-13,2883.070
12-Jun-13,2859.620
13-Jun-13,2902.320
14-Jun-13,2885.240
17-Jun-13,2907.120
18-Jun-13,2929.810
19-Jun-13,2889.250
20-Jun-13,2817.440
21-Jun-13,2824.970
24-Jun-13,2790.660
25-Jun-13,2817.440
26-Jun-13,2845.040
27-Jun-13,2862.920
28-Jun-13,2850.660
01-Jul-13,2866.410
02-Jul-13,2865.480
03-Jul-13,2867.850
05-Jul-13,2897.120
08-Jul-13,2913.200
09-Jul-13,2934.310
10-Jul-13,2934.970
11-Jul-13,2975.060
12-Jul-13,2984.240
15-Jul-13,2988.350
16-Jul-13,2977.260
17-Jul-13,2985.850
18-Jul-13,3001.210
19-Jul-13,3006.130
22-Jul-13,3012.300
23-Jul-13,3006.720
24-Jul-13,2995.300
25-Jul-13,3003.010
26-Jul-13,3005.510
29-Jul-13,2994.450
30-Jul-13,2995.680
31-Jul-13,2995.720
01-Aug-13,3033.590
02-Aug-13,3038.630
05-Aug-13,3034.430
06-Aug-13,3017.160
07-Aug-13,3006.630
08-Aug-13,3019.000
09-Aug-13,3008.790
12-Aug-13,3005.420
13-Aug-13,3014.430
14-Aug-13,2999.420
15-Aug-13,2957.080
16-Aug-13,2947.460
19-Aug-13,2930.270
20-Aug-13,2941.580
21-Aug-13,2924.730
22-Aug-13,2949.960
23-Aug-13,2962.060
26-Aug-13,2950.130
27-Aug-13,2903.290
28-Aug-13,2911.830
29-Aug-13,2917.960
30-Aug-13,2908.960
03-Sep-13,2921.230
04-Sep-13,2945.620
05-Sep-13,2949.270
06-Sep-13,2949.800
09-Sep-13,2979.450
10-Sep-13,3001.360
11-Sep-13,3010.940
12-Sep-13,3001.620
13-Sep-13,3009.790
16-Sep-13,3026.940
17-Sep-13,3039.750
18-Sep-13,3076.810
19-Sep-13,3071.610
20-Sep-13,3049.470
23-Sep-13,3035.090
24-Sep-13,3027.520
25-Sep-13,3019.310
26-Sep-13,3030.410
27-Sep-13,3018.240
30-Sep-13,3000.180
01-Oct-13,3024.380
02-Oct-13,3022.950
03-Oct-13,2995.810
04-Oct-13,3017.050
07-Oct-13,2991.390
08-Oct-13,2955.410
09-Oct-13,2957.400
10-Oct-13,3022.430
11-Oct-13,3041.430
14-Oct-13,3053.840
15-Oct-13,3032.270
16-Oct-13,3074.540
17-Oct-13,3095.420
18-Oct-13,3115.770
21-Oct-13,3116.090
22-Oct-13,3133.980
23-Oct-13,3119.200
24-Oct-13,3129.410
25-Oct-13,3143.160
28-Oct-13,3147.360
29-Oct-13,3165.110
30-Oct-13,3149.930
31-Oct-13,3138.090
01-Nov-13,3147.210
04-Nov-13,3158.470
05-Nov-13,3149.960
06-Nov-13,3165.130
07-Nov-13,3124.120
08-Nov-13,3166.110
11-Nov-13,3168.410
12-Nov-13,3161.100
13-Nov-13,3187.640
14-Nov-13,3203.650
15-Nov-13,3217.200
18-Nov-13,3205.460
19-Nov-13,3199.510
20-Nov-13,3188.040
21-Nov-13,3214.160
22-Nov-13,3230.540
25-Nov-13,3226.530
26-Nov-13,3227.360
27-Nov-13,3236.140
29-Nov-13,3233.720
02-Dec-13,3225.060
03-Dec-13,3214.950
04-Dec-13,3211.590
05-Dec-13,3197.760
06-Dec-13,3233.990
09-Dec-13,3239.990
10-Dec-13,3229.720
11-Dec-13,3193.520
12-Dec-13,3182.330
13-Dec-13,3182.070
16-Dec-13,3202.220
17-Dec-13,3192.330
18-Dec-13,3245.590
19-Dec-13,3244.150
20-Dec-13,3259.790
23-Dec-13,3277.620
24-Dec-13,3287.550
26-Dec-13,3303.150
27-Dec-13,3302.660
30-Dec-13,3302.300
31-Dec-13,3315.590
02-Jan-14,3286.690
03-Jan-14,3285.680
06-Jan-14,3277.480
07-Jan-14,3297.450
08-Jan-14,3297.740
09-Jan-14,3298.870
10-Jan-14,3306.490
13-Jan-14,3265.270
14-Jan-14,3300.610
15-Jan-14,3317.750
16-Jan-14,3313.360
17-Jan-14,3300.510
21-Jan-14,3309.740
22-Jan-14,3312.040
23-Jan-14,3282.640
24-Jan-14,3214.130
27-Jan-14,3198.570
28-Jan-14,3218.210
29-Jan-14,3185.700
30-Jan-14,3221.780
31-Jan-14,3200.950
03-Feb-14,3127.870
04-Feb-14,3151.940
05-Feb-14,3146.490
06-Feb-14,3187.250
07-Feb-14,3229.640
10-Feb-14,3234.790
11-Feb-14,3270.740
12-Feb-14,3271.470
13-Feb-14,3290.820
14-Feb-14,3306.920
18-Feb-14,3311.270
19-Feb-14,3289.830
20-Feb-14,3310.270
21-Feb-14,3304.360
24-Feb-14,3324.840
25-Feb-14,3320.430
26-Feb-14,3321.150
27-Feb-14,3338.050
28-Feb-14,3347.380
03-Mar-14,3322.850
04-Mar-14,3373.640
05-Mar-14,3374.100
06-Mar-14,3380.490
07-Mar-14,3382.570
10-Mar-14,3381.220
11-Mar-14,3364.170
12-Mar-14,3366.070
13-Mar-14,3327.110
14-Mar-14,3317.810
17-Mar-14,3349.710
18-Mar-14,3373.980
19-Mar-14,3353.290
20-Mar-14,3373.600
21-Mar-14,3363.720
24-Mar-14,3347.360
25-Mar-14,3362.440
26-Mar-14,3339.000
27-Mar-14,3333.230
28-Mar-14,3348.830
31-Mar-14,3375.510
01-Apr-14,3399.510
02-Apr-14,3409.800
03-Apr-14,3406.000
04-Apr-14,3363.410
07-Apr-14,3327.270
08-Apr-14,3340.840
09-Apr-14,3377.610
10-Apr-14,3307.080
11-Apr-14,3276.040
14-Apr-14,3302.980
15-Apr-14,3325.300
16-Apr-14,3360.270
17-Apr-14,3365.000
21-Apr-14,3377.750
22-Apr-14,3391.580
23-Apr-14,3384.500
24-Apr-14,3390.390
25-Apr-14,3362.950
28-Apr-14,3374.040
29-Apr-14,3390.160
30-Apr-14,3400.460
01-May-14,3400.200
02-May-14,3395.610
05-May-14,3402.230
06-May-14,3371.720
07-May-14,3392.100
08-May-14,3388.290
09-May-14,3394.050
12-May-14,3427.010
13-May-14,3429.300
14-May-14,3413.840
15-May-14,3382.520
16-May-14,3395.210
19-May-14,3408.520
20-May-14,3386.480
21-May-14,3414.450
22-May-14,3422.990
23-May-14,3437.580
27-May-14,3458.190
28-May-14,3454.880
29-May-14,3473.860
30-May-14,3480.290
02-Jun-14,3483.140
03-Jun-14,3482.000
04-Jun-14,3489.210
05-Jun-14,3512.210
06-Jun-14,3528.980
09-Jun-14,3532.470
10-Jun-14,3531.620
11-Jun-14,3519.520
12-Jun-14,3495.570
13-Jun-14,3506.580
16-Jun-14,3509.540
17-Jun-14,3517.230
18-Jun-14,3544.420
19-Jun-14,3549.440
20-Jun-14,3555.600
23-Jun-14,3555.140
24-Jun-14,3532.570
25-Jun-14,3549.960
26-Jun-14,3546.380
27-Jun-14,3553.350
30-Jun-14,3552.180
01-Jul-14,3576.550
02-Jul-14,3579.110
03-Jul-14,3598.730
07-Jul-14,3584.750
08-Jul-14,3560.530
09-Jul-14,3577.280
10-Jul-14,3562.490
11-Jul-14,3568.080
14-Jul-14,3585.370
15-Jul-14,3578.460
16-Jul-14,3593.910
17-Jul-14,3551.730
18-Jul-14,3588.210
21-Jul-14,3579.990
22-Jul-14,3597.950
23-Jul-14,3604.300
24-Jul-14,3606.100
25-Jul-14,3588.680
28-Jul-14,3589.730
29-Jul-14,3573.650
30-Jul-14,3574.450
31-Jul-14,3503.190
01-Aug-14,3493.180
04-Aug-14,3518.310
05-Aug-14,3484.560
06-Aug-14,3485.670
07-Aug-14,3467.140
08-Aug-14,3507.210
11-Aug-14,3517.530
12-Aug-14,3511.960
13-Aug-14,3536.420
14-Aug-14,3551.970
15-Aug-14,3552.170
18-Aug-14,3582.700
19-Aug-14,3601.330
20-Aug-14,3610.490
21-Aug-14,3621.230
22-Aug-14,3614.500
25-Aug-14,3631.860
26-Aug-14,3635.710
27-Aug-14,3636.640
28-Aug-14,3630.980
29-Aug-14,3643.340
02-Sep-14,3641.520
03-Sep-14,3639.350
04-Sep-14,3633.870
05-Sep-14,3652.260
08-Sep-14,3641.660
09-Sep-14,3617.890
10-Sep-14,3631.450
11-Sep-14,3635.660
12-Sep-14,3614.060
15-Sep-14,3611.520
16-Sep-14,3638.600
17-Sep-14,3643.400
18-Sep-14,3661.730
19-Sep-14,3660.030
22-Sep-14,3630.700
23-Sep-14,3610.100
24-Sep-14,3638.440
25-Sep-14,3579.610
26-Sep-14,3610.980
29-Sep-14,3602.090
30-Sep-14,3592.250
01-Oct-14,3544.980
02-Oct-14,3545.300
03-Oct-14,3584.940
06-Oct-14,3579.420
07-Oct-14,3525.290
08-Oct-14,3588.070
09-Oct-14,3514.120
10-Oct-14,3474.230
13-Oct-14,3417.010
14-Oct-14,3422.430
15-Oct-14,3395.030
16-Oct-14,3395.640
17-Oct-14,3439.390
20-Oct-14,3470.890
21-Oct-14,3538.900
22-Oct-14,3513.470
23-Oct-14,3556.700
24-Oct-14,3581.820
27-Oct-14,3576.470
28-Oct-14,3619.160
29-Oct-14,3614.530
30-Oct-14,3637.300
31-Oct-14,3679.990
03-Nov-14,3679.580
04-Nov-14,3669.180
05-Nov-14,3691.380
06-Nov-14,3706.450
07-Nov-14,3708.460
10-Nov-14,3720.250
11-Nov-14,3722.840
12-Nov-14,3721.300
13-Nov-14,3723.580
14-Nov-14,3724.920
17-Nov-14,3727.860
18-Nov-14,3747.740
19-Nov-14,3742.350
20-Nov-14,3749.870
21-Nov-14,3770.030
24-Nov-14,3780.880
25-Nov-14,3776.940
26-Nov-14,3788.420
28-Nov-14,3778.960
01-Dec-14,3753.310
02-Dec-14,3777.470
03-Dec-14,3792.690
04-Dec-14,3788.340
05-Dec-14,3794.680
08-Dec-14,3767.700
09-Dec-14,3766.830
10-Dec-14,3705.510
11-Dec-14,3723.320
12-Dec-14,3663.100
15-Dec-14,3639.970
16-Dec-14,3609.060
17-Dec-14,3682.700
18-Dec-14,3771.720
19-Dec-14,3788.970
22-Dec-14,3803.940
23-Dec-14,3810.780
24-Dec-14,3810.390
26-Dec-14,3823.000
29-Dec-14,3826.950
30-Dec-14,3808.690
31-Dec-14,3769.440
02-Jan-15,3768.680
05-Jan-15,3700.030
06-Jan-15,3667.140
07-Jan-15,3710.940
08-Jan-15,3777.400
09-Jan-15,3745.670
12-Jan-15,3715.360
13-Jan-15,3706.150
14-Jan-15,3684.720
15-Jan-15,3650.740
16-Jan-15,3699.790
20-Jan-15,3705.640
21-Jan-15,3723.620
22-Jan-15,3780.510
23-Jan-15,3759.760
26-Jan-15,3769.450
27-Jan-15,3718.990
28-Jan-15,3669.100
29-Jan-15,3704.350
30-Jan-15,3656.280
02-Feb-15,3703.770
03-Feb-15,3757.340
04-Feb-15,3742.840
05-Feb-15,3782.110
06-Feb-15,3770.200
09-Feb-15,3754.360
10-Feb-15,3794.620
11-Feb-15,3795.820
12-Feb-15,3833.350
13-Feb-15,3849.290
17-Feb-15,3856.040
18-Feb-15,3855.000
19-Feb-15,3851.530
20-Feb-15,3875.600
23-Feb-15,3874.460
24-Feb-15,3885.270
25-Feb-15,3882.950
26-Feb-15,3877.850
27-Feb-15,3866.420
02-Mar-15,3890.320
03-Mar-15,3872.710
04-Mar-15,3856.510
05-Mar-15,3861.290
06-Mar-15,3807.040
09-Mar-15,3822.420
10-Mar-15,3757.830
11-Mar-15,3751.200
12-Mar-15,3799.430
13-Mar-15,3776.440
16-Mar-15,3827.620
17-Mar-15,3814.910
18-Mar-15,3861.390
19-Mar-15,3842.620
20-Mar-15,3877.260
23-Mar-15,3870.490
24-Mar-15,3847.050
25-Mar-15,3791.130
26-Mar-15,3782.210
27-Mar-15,3791.900
30-Mar-15,3838.650
31-Mar-15,3805.270
01-Apr-15,3790.660
02-Apr-15,3804.140
06-Apr-15,3829.310
07-Apr-15,3821.490
08-Apr-15,3833.200
09-Apr-15,3850.290
10-Apr-15,3870.310
13-Apr-15,3852.930
14-Apr-15,3859.220
15-Apr-15,3879.100
16-Apr-15,3876.170
17-Apr-15,3832.330
20-Apr-15,3867.820
21-Apr-15,3862.150
22-Apr-15,3881.930
23-Apr-15,3891.460
24-Apr-15,3900.240
27-Apr-15,3884.100
28-Apr-15,3895.210
29-Apr-15,3880.900
30-Apr-15,3841.780
01-May-15,3883.750
04-May-15,3895.160
05-May-15,3849.410
06-May-15,3833.700
07-May-15,3849.130
08-May-15,3901.010
11-May-15,3881.930
12-May-15,3870.690
13-May-15,3870.360
14-May-15,3912.520
15-May-15,3915.990
18-May-15,3928.150
19-May-15,3926.410
20-May-15,3923.180
21-May-15,3932.900
22-May-15,3924.160
26-May-15,3883.880
27-May-15,3920.110
28-May-15,3915.820
29-May-15,3891.180
01-Jun-15,3899.590
02-Jun-15,3895.850
03-Jun-15,3904.830
04-Jun-15,3871.230
05-Jun-15,3865.830
08-Jun-15,3841.450
09-Jun-15,3843.160
10-Jun-15,3889.700
11-Jun-15,3897.590
12-Jun-15,3870.560
15-Jun-15,3852.750
16-Jun-15,3874.730
17-Jun-15,3882.490
18-Jun-15,3921.430
19-Jun-15,3900.640
22-Jun-15,3924.410
23-Jun-15,3927.230
24-Jun-15,3898.470
25-Jun-15,3887.040
26-Jun-15,3886.210
29-Jun-15,3805.500
30-Jun-15,3815.850
01-Jul-15,3843.260
02-Jul-15,3842.060
06-Jul-15,3827.350
07-Jul-15,3850.660
08-Jul-15,3787.670
09-Jul-15,3796.260
10-Jul-15,3843.100
13-Jul-15,3885.970
14-Jul-15,3903.310
15-Jul-15,3900.500
16-Jul-15,3931.850
17-Jul-15,3936.220
20-Jul-15,3939.350
21-Jul-15,3922.700
22-Jul-15,3913.750
23-Jul-15,3891.790
24-Jul-15,3850.150
27-Jul-15,3827.930
28-Jul-15,3875.370
29-Jul-15,3904.210
30-Jul-15,3904.640
31-Jul-15,3895.800
03-Aug-15,3885.070
04-Aug-15,3876.440
05-Aug-15,3889.990
06-Aug-15,3860.920
07-Aug-15,3849.960
10-Aug-15,3899.360
11-Aug-15,3862.810
12-Aug-15,3867.370
13-Aug-15,3863.030
14-Aug-15,3878.160
17-Aug-15,3899.100
18-Aug-15,3889.600
19-Aug-15,3857.740
20-Aug-15,3776.360
21-Aug-15,3656.670
24-Aug-15,3512.650
25-Aug-15,3465.190
26-Aug-15,3600.730
27-Aug-15,3688.600
28-Aug-15,3691.300
31-Aug-15,3660.750
01-Sep-15,3552.650
02-Sep-15,3618.250
03-Sep-15,3622.660
04-Sep-15,3567.410
08-Sep-15,3657.320
09-Sep-15,3606.800
10-Sep-15,3626.140
11-Sep-15,3643.540
14-Sep-15,3628.870
15-Sep-15,3675.480
16-Sep-15,3707.620
17-Sep-15,3698.740
18-Sep-15,3638.990
21-Sep-15,3655.640
22-Sep-15,3610.700
23-Sep-15,3603.490
24-Sep-15,3591.370
25-Sep-15,3589.710
28-Sep-15,3498.610
29-Sep-15,3503.130
30-Sep-15,3570.170
01-Oct-15,3577.470
02-Oct-15,3629.040
05-Oct-15,3695.610
06-Oct-15,3682.330
07-Oct-15,3713.360
08-Oct-15,3746.120
09-Oct-15,3748.960
12-Oct-15,3753.730
13-Oct-15,3728.480
14-Oct-15,3711.110
15-Oct-15,3766.430
16-Oct-15,3783.640
19-Oct-15,3784.720
20-Oct-15,3779.440
21-Oct-15,3757.910
22-Oct-15,3820.490
23-Oct-15,3862.650
26-Oct-15,3855.290
27-Oct-15,3845.450
28-Oct-15,3891.340
29-Oct-15,3890.040
30-Oct-15,3871.330
02-Nov-15,3917.300
03-Nov-15,3928.050
04-Nov-15,3915.520
05-Nov-15,3911.890
06-Nov-15,3910.980
09-Nov-15,3873.370
10-Nov-15,3880.230
11-Nov-15,3867.710
12-Nov-15,3814.290
13-Nov-15,3771.590
16-Nov-15,3828.460
17-Nov-15,3824.140
18-Nov-15,3886.260
19-Nov-15,3882.060
20-Nov-15,3897.450
23-Nov-15,3892.800
24-Nov-15,3897.670
25-Nov-15,3897.570
27-Nov-15,3900.740
30-Nov-15,3882.840
01-Dec-15,3924.630
02-Dec-15,3882.380
03-Dec-15,3826.740
04-Dec-15,3905.310
07-Dec-15,3878.310
08-Dec-15,3853.480
09-Dec-15,3823.900
10-Dec-15,3832.930
11-Dec-15,3759.090
14-Dec-15,3777.220
15-Dec-15,3817.360
16-Dec-15,3873.120
17-Dec-15,3815.460
18-Dec-15,3747.560
21-Dec-15,3777.150
22-Dec-15,3810.850
23-Dec-15,3858.470
24-Dec-15,3852.310
28-Dec-15,3843.940
29-Dec-15,3885.550
30-Dec-15,3857.900
31-Dec-15,3821.600
04-Jan-16,3763.990
05-Jan-16,3771.570
06-Jan-16,3723.440
07-Jan-16,3635.290
08-Jan-16,3595.910
11-Jan-16,3598.970
12-Jan-16,3627.060
13-Jan-16,3536.920
14-Jan-16,3596.030
15-Jan-16,3518.510
19-Jan-16,3520.400
20-Jan-16,3479.750
21-Jan-16,3497.940
22-Jan-16,3568.900
25-Jan-16,3513.110
26-Jan-16,3562.810
27-Jan-16,3524.330
28-Jan-16,3544.130
29-Jan-16,3631.960
01-Feb-16,3630.460
02-Feb-16,3562.520
03-Feb-16,3581.530
04-Feb-16,3587.710
05-Feb-16,3521.600
08-Feb-16,3472.080
09-Feb-16,3470.500
10-Feb-16,3471.040
11-Feb-16,3428.990
12-Feb-16,3496.280
16-Feb-16,3555.200
17-Feb-16,3614.160
18-Feb-16,3597.490
19-Feb-16,3597.920
22-Feb-16,3649.920
23-Feb-16,3604.680
24-Feb-16,3620.870
25-Feb-16,3662.840
26-Feb-16,3656.420
29-Feb-16,3627.060
01-Mar-16,3713.700
02-Mar-16,3729.590
03-Mar-16,3743.020
04-Mar-16,3755.470
07-Mar-16,3759.050
08-Mar-16,3717.490
09-Mar-16,3736.920
10-Mar-16,3737.740
11-Mar-16,3800.070
14-Mar-16,3795.530
15-Mar-16,3788.620
16-Mar-16,3810.090
17-Mar-16,3835.260
18-Mar-16,3852.150
21-Mar-16,3855.970
22-Mar-16,3853.180
23-Mar-16,3828.580
24-Mar-16,3827.140
28-Mar-16,3829.260
29-Mar-16,3863.800
30-Mar-16,3881.010
31-Mar-16,3873.110
01-Apr-16,3897.660
04-Apr-16,3886.000
05-Apr-16,3846.590
06-Apr-16,3888.410
07-Apr-16,3841.980
08-Apr-16,3852.720
11-Apr-16,3842.170
12-Apr-16,3879.420
13-Apr-16,3918.950
14-Apr-16,3920.030
15-Apr-16,3916.170
18-Apr-16,3941.860
19-Apr-16,3954.010
20-Apr-16,3957.250
21-Apr-16,3936.800
22-Apr-16,3937.000
25-Apr-16,3929.880
26-Apr-16,3937.230
27-Apr-16,3944.020
28-Apr-16,3907.880
29-Apr-16,3888.130
02-May-16,3918.530
03-May-16,3884.630
04-May-16,3862.400
05-May-16,3862.400
06-May-16,3875.180
09-May-16,3878.140
10-May-16,3926.630
11-May-16,3891.130
12-May-16,3890.850
13-May-16,3858.170
16-May-16,3896.360
17-May-16,3860.880
18-May-16,3862.250
19-May-16,3847.970
20-May-16,3871.750
23-May-16,3863.820
24-May-16,3916.770
25-May-16,3944.330
26-May-16,3944.050
27-May-16,3961.670
31-May-16,3957.950
01-Jun-16,3963.100
02-Jun-16,3974.760
03-Jun-16,3963.230
06-Jun-16,3982.740
07-Jun-16,3987.960
08-Jun-16,4001.980
09-Jun-16,3995.280
10-Jun-16,3958.680
13-Jun-16,3927.730
14-Jun-16,3920.930
15-Jun-16,3914.020
16-Jun-16,3926.930
17-Jun-16,3914.150
20-Jun-16,3936.910
21-Jun-16,3947.940
22-Jun-16,3941.450
23-Jun-16,3994.180
24-Jun-16,3850.700
27-Jun-16,3781.020
28-Jun-16,3849.050
29-Jun-16,3915.100
30-Jun-16,3968.210
01-Jul-16,3976.680
05-Jul-16,3949.720
06-Jul-16,3972.260
07-Jul-16,3969.190
08-Jul-16,4029.750
11-Jul-16,4043.490
12-Jul-16,4071.850
13-Jul-16,4072.770
14-Jul-16,4094.280
15-Jul-16,4090.490
18-Jul-16,4100.400
19-Jul-16,4094.610
20-Jul-16,4112.610
21-Jul-16,4097.820
22-Jul-16,4116.500
25-Jul-16,4104.130
26-Jul-16,4105.570
27-Jul-16,4100.810
28-Jul-16,4107.750
29-Jul-16,4114.510
01-Aug-16,4109.280
02-Aug-16,4083.250
03-Aug-16,4097.300
04-Aug-16,4099.210
05-Aug-16,4134.560
08-Aug-16,4131.190
09-Aug-16,4132.960
10-Aug-16,4122.650
11-Aug-16,4142.720
12-Aug-16,4139.630
15-Aug-16,4151.690
16-Aug-16,4129.680
17-Aug-16,4138.420
18-Aug-16,4147.640
19-Aug-16,4142.230
22-Aug-16,4139.970
23-Aug-16,4148.160
24-Aug-16,4126.650
25-Aug-16,4121.090
26-Aug-16,4114.680
29-Aug-16,4136.750
30-Aug-16,4129.340
31-Aug-16,4120.290
01-Sep-16,4120.170
02-Sep-16,4137.700
06-Sep-16,4150.110
07-Sep-16,4150.510
08-Sep-16,4141.460
09-Sep-16,4039.950
12-Sep-16,4099.470
13-Sep-16,4039.920
14-Sep-16,4037.830
15-Sep-16,4079.320
16-Sep-16,4063.970
19-Sep-16,4063.940
20-Sep-16,4065.200
21-Sep-16,4109.630
22-Sep-16,4136.410
23-Sep-16,4112.690
26-Sep-16,4077.710
27-Sep-16,4104.180
28-Sep-16,4126.830
29-Sep-16,4088.470
30-Sep-16,4121.060
03-Oct-16,4108.130
04-Oct-16,4088.170
05-Oct-16,4107.400
06-Oct-16,4109.490
07-Oct-16,4096.250
10-Oct-16,4115.120
11-Oct-16,4063.920
12-Oct-16,4068.920
13-Oct-16,4056.450
14-Oct-16,4057.280
17-Oct-16,4045.070
18-Oct-16,4069.990
19-Oct-16,4079.500
20-Oct-16,4074.180
21-Oct-16,4073.850
24-Oct-16,4093.220
25-Oct-16,4077.800
26-Oct-16,4070.760
27-Oct-16,4058.750
28-Oct-16,4046.360
31-Oct-16,4045.890
01-Nov-16,4018.470
02-Nov-16,3992.760
03-Nov-16,3976.560
04-Nov-16,3970.020
07-Nov-16,4058.300
08-Nov-16,4075.610
09-Nov-16,4121.030
10-Nov-16,4129.460
11-Nov-16,4123.690
14-Nov-16,4123.810
15-Nov-16,4155.620
16-Nov-16,4150.210
17-Nov-16,4169.870
18-Nov-16,4160.580
21-Nov-16,4191.680
22-Nov-16,4200.950
23-Nov-16,4204.490
25-Nov-16,4221.020
28-Nov-16,4199.390
29-Nov-16,4205.990
30-Nov-16,4195.730
01-Dec-16,4181.150
02-Dec-16,4182.810
05-Dec-16,4207.570
06-Dec-16,4222.040
07-Dec-16,4278.440
08-Dec-16,4288.100
09-Dec-16,4313.610
12-Dec-16,4308.940
13-Dec-16,4337.860
14-Dec-16,4302.930
15-Dec-16,4319.840
16-Dec-16,4312.400
19-Dec-16,4321.020
20-Dec-16,4337.360
21-Dec-16,4326.850
22-Dec-16,4319.330
23-Dec-16,4325.170
27-Dec-16,4334.930
28-Dec-16,4299.450
29-Dec-16,4298.390
30-Dec-16,4278.660
03-Jan-17,4315.080
04-Jan-17,4340.750
05-Jan-17,4337.450
06-Jan-17,4354.050
09-Jan-17,4338.620
10-Jan-17,4338.640
11-Jan-17,4351.320
12-Jan-17,4342.090
13-Jan-17,4350.110
17-Jan-17,4337.200
18-Jan-17,4345.570
19-Jan-17,4329.960
20-Jan-17,4344.670
23-Jan-17,4333.100
24-Jan-17,4361.560
25-Jan-17,4396.570
26-Jan-17,4393.430
27-Jan-17,4389.850
30-Jan-17,4363.670
31-Jan-17,4359.810
01-Feb-17,4362.100
02-Feb-17,4364.850
03-Feb-17,4396.950
06-Feb-17,4387.670
07-Feb-17,4388.870
08-Feb-17,4393.310
09-Feb-17,4419.400
10-Feb-17,4435.420
13-Feb-17,4459.830
14-Feb-17,4478.980
15-Feb-17,4501.990
16-Feb-17,4498.560
17-Feb-17,4506.200
21-Feb-17,4533.460
22-Feb-17,4528.970
23-Feb-17,4531.390
24-Feb-17,4539.250
27-Feb-17,4544.510
28-Feb-17,4532.930
01-Mar-17,4595.730
02-Mar-17,4569.170
03-Mar-17,4571.600
06-Mar-17,4556.720
07-Mar-17,4543.750
08-Mar-17,4534.680
09-Mar-17,4538.360
10-Mar-17,4553.280
13-Mar-17,4556.440
14-Mar-17,4541.260
15-Mar-17,4579.440
16-Mar-17,4572.160
17-Mar-17,4566.170
20-Mar-17,4557.120
21-Mar-17,4500.980
22-Mar-17,4509.650
23-Mar-17,4504.920
24-Mar-17,4501.110
27-Mar-17,4496.530
28-Mar-17,4529.170
29-Mar-17,4535.010
30-Mar-17,4548.460
31-Mar-17,4538.210
03-Apr-17,4530.980
04-Apr-17,4534.250
05-Apr-17,4520.860
06-Apr-17,4530.930
07-Apr-17,4527.200
10-Apr-17,4530.570
11-Apr-17,4524.710
12-Apr-17,4507.760
13-Apr-17,4477.070
17-Apr-17,4515.650
18-Apr-17,4502.660
19-Apr-17,4495.560
20-Apr-17,4529.650
21-Apr-17,4515.900
24-Apr-17,4564.930
25-Apr-17,4592.740
26-Apr-17,4590.560
27-Apr-17,4593.570
28-Apr-17,4584.820
01-May-17,4592.780
02-May-17,4598.240
03-May-17,4593.320
04-May-17,4596.240
05-May-17,4615.090
08-May-17,4615.730
09-May-17,4611.210
10-May-17,4618.190
11-May-17,4609.690
12-May-17,4602.960
15-May-17,4625.510
16-May-17,4623.260
17-May-17,4540.580
18-May-17,4557.410
19-May-17,4588.350
22-May-17,4612.120
23-May-17,4620.700
24-May-17,4632.370
25-May-17,4653.590
26-May-17,4655.650
30-May-17,4650.760
31-May-17,4649.340
01-Jun-17,4685.110
02-Jun-17,4702.560
05-Jun-17,4697.000
06-Jun-17,4683.960
07-Jun-17,4692.290
08-Jun-17,4693.670
09-Jun-17,4689.790
12-Jun-17,4685.540
13-Jun-17,4707.880
14-Jun-17,4703.530
15-Jun-17,4693.860
16-Jun-17,4695.230
19-Jun-17,4734.480
20-Jun-17,4702.820
21-Jun-17,4700.500
22-Jun-17,4698.400
23-Jun-17,4705.730
26-Jun-17,4707.270
27-Jun-17,4669.270
28-Jun-17,4711.330
29-Jun-17,4670.960
30-Jun-17,4678.360
03-Jul-17,4689.610
05-Jul-17,4697.340
06-Jul-17,4655.020
07-Jul-17,4684.880
10-Jul-17,4689.250
11-Jul-17,4685.640
12-Jul-17,4720.280
13-Jul-17,4729.250
14-Jul-17,4751.430
17-Jul-17,4751.330
18-Jul-17,4754.270
19-Jul-17,4780.250
20-Jul-17,4779.840
21-Jul-17,4778.070
24-Jul-17,4773.100
25-Jul-17,4787.040
26-Jul-17,4788.410
27-Jul-17,4784.260
28-Jul-17,4778.020
31-Jul-17,4774.560
01-Aug-17,4786.270
02-Aug-17,4789.540
03-Aug-17,4779.990
04-Aug-17,4789.110
07-Aug-17,4797.130
08-Aug-17,4786.120
09-Aug-17,4784.940
10-Aug-17,4717.400
11-Aug-17,4723.730
14-Aug-17,4771.430
15-Aug-17,4770.150
16-Aug-17,4778.280
17-Aug-17,4704.730
18-Aug-17,4696.220
21-Aug-17,4701.820
22-Aug-17,4748.730
23-Aug-17,4732.760
24-Aug-17,4723.030
25-Aug-17,4731.460
28-Aug-17,4733.970
29-Aug-17,4738.620
30-Aug-17,4761.720
31-Aug-17,4789.180
01-Sep-17,4798.990
05-Sep-17,4762.750
06-Sep-17,4777.690
07-Sep-17,4777.930
08-Sep-17,4771.020
11-Sep-17,4822.800
12-Sep-17,4839.310
13-Sep-17,4843.040
14-Sep-17,4839.290
15-Sep-17,4848.840
18-Sep-17,4856.080
19-Sep-17,4861.520
20-Sep-17,4864.610
21-Sep-17,4849.950
22-Sep-17,4853.200
25-Sep-17,4842.410
26-Sep-17,4843.140
27-Sep-17,4862.930
28-Sep-17,4869.810
29-Sep-17,4887.970
02-Oct-17,4906.920
03-Oct-17,4917.730
04-Oct-17,4924.190
05-Oct-17,4952.850
06-Oct-17,4949.090
09-Oct-17,4940.160
10-Oct-17,4951.770
11-Oct-17,4960.790
12-Oct-17,4952.850
13-Oct-17,4957.270
16-Oct-17,4966.050
17-Oct-17,4969.380
18-Oct-17,4973.280
19-Oct-17,4975.320
20-Oct-17,5001.110
23-Oct-17,4981.370
24-Oct-17,4989.560
25-Oct-17,4966.290
26-Oct-17,4972.600
27-Oct-17,5012.750
30-Oct-17,4997.150
31-Oct-17,5002.030
01-Nov-17,5009.990
02-Nov-17,5011.480
03-Nov-17,5027.490
06-Nov-17,5034.300
07-Nov-17,5033.380
08-Nov-17,5040.740
09-Nov-17,5023.010
10-Nov-17,5020.310
13-Nov-17,5025.360
14-Nov-17,5014.530
15-Nov-17,4987.960
16-Nov-17,5030.480
17-Nov-17,5017.450
20-Nov-17,5024.010
21-Nov-17,5056.950
22-Nov-17,5053.600
24-Nov-17,5064.230
27-Nov-17,5062.850
28-Nov-17,5112.910
29-Nov-17,5111.680
30-Nov-17,5155.440
01-Dec-17,5145.210
04-Dec-17,5139.910
05-Dec-17,5120.920
06-Dec-17,5120.460
07-Dec-17,5136.370
08-Dec-17,5165.190
11-Dec-17,5181.750
12-Dec-17,5189.960
13-Dec-17,5187.680
14-Dec-17,5167.450
15-Dec-17,5214.100
18-Dec-17,5242.280
19-Dec-17,5225.430
20-Dec-17,5221.790
21-Dec-17,5232.160
22-Dec-17,5229.790
26-Dec-17,5224.510
27-Dec-17,5229.010
28-Dec-17,5239.590
29-Dec-17,5212.760
02-Jan-18,5256.280
03-Jan-18,5289.920
04-Jan-18,5312.330
05-Jan-18,5349.690
08-Jan-18,5358.680
09-Jan-18,5367.260
10-Jan-18,5361.330
11-Jan-18,5399.460
12-Jan-18,5435.920
16-Jan-18,5416.860
17-Jan-18,5467.850
18-Jan-18,5459.500
19-Jan-18,5483.570
22-Jan-18,5527.890
23-Jan-18,5540.130
24-Jan-18,5537.030
25-Jan-18,5540.380
26-Jan-18,5606.080
29-Jan-18,5568.670
30-Jan-18,5508.360
31-Jan-18,5511.210
01-Feb-18,5508.700
02-Feb-18,5392.210
05-Feb-18,5171.260
06-Feb-18,5262.020
07-Feb-18,5235.840
08-Feb-18,5040.060
09-Feb-18,5116.990
12-Feb-18,5188.370
13-Feb-18,5202.220
14-Feb-18,5273.430
15-Feb-18,5338.350
16-Feb-18,5340.820
20-Feb-18,5309.990
21-Feb-18,5280.910
22-Feb-18,5286.500
23-Feb-18,5371.560
26-Feb-18,5435.380
27-Feb-18,5367.090
28-Feb-18,5308.090
01-Mar-18,5238.180
02-Mar-18,5265.240
05-Mar-18,5323.360
06-Mar-18,5337.690
07-Mar-18,5335.470
08-Mar-18,5360.730
09-Mar-18,5454.030
12-Mar-18,5447.100
13-Mar-18,5412.750
14-Mar-18,5383.270
15-Mar-18,5379.390
16-Mar-18,5388.740
19-Mar-18,5312.230
20-Mar-18,5320.200
21-Mar-18,5310.960
22-Mar-18,5177.520
23-Mar-18,5069.030
26-Mar-18,5206.690
27-Mar-18,5116.750
28-Mar-18,5102.690
29-Mar-18,5173.190
02-Apr-18,5057.690
03-Apr-18,5121.700
04-Apr-18,5181.310
05-Apr-18,5217.620
06-Apr-18,5103.350
09-Apr-18,5121.900
10-Apr-18,5207.730
11-Apr-18,5179.190
12-Apr-18,5222.550
13-Apr-18,5207.570
16-Apr-18,5249.940
17-Apr-18,5305.900
18-Apr-18,5310.320
19-Apr-18,5280.570
20-Apr-18,5235.750
23-Apr-18,5236.040
24-Apr-18,5166.100
25-Apr-18,5175.590
26-Apr-18,5229.610
27-Apr-18,5235.730
30-Apr-18,5193.040
01-May-18,5206.310
02-May-18,5168.790
03-May-18,5157.700
04-May-18,5224.710
07-May-18,5242.870
08-May-18,5241.530
09-May-18,5292.900
10-May-18,5343.700
11-May-18,5354.690
14-May-18,5359.660
15-May-18,5323.230
16-May-18,5346.330
17-May-18,5343.290
18-May-18,5329.660
21-May-18,5369.190
22-May-18,5352.450
23-May-18,5369.990
24-May-18,5359.320
25-May-18,5347.310
29-May-18,5285.700
30-May-18,5353.760
31-May-18,5318.100
01-Jun-18,5376.290
04-Jun-18,5400.500
05-Jun-18,5404.620
06-Jun-18,5451.090
07-Jun-18,5448.180
08-Jun-18,5465.420
11-Jun-18,5471.290
12-Jun-18,5481.070
13-Jun-18,5459.210
14-Jun-18,5474.370
15-Jun-18,5469.370
18-Jun-18,5457.830
19-Jun-18,5436.130
20-Jun-18,5445.430
21-Jun-18,5411.400
22-Jun-18,5421.630
25-Jun-18,5347.230
26-Jun-18,5359.010
27-Jun-18,5312.890
28-Jun-18,5346.440
29-Jun-18,5350.830
02-Jul-18,5367.490
03-Jul-18,5340.930
05-Jul-18,5388.280
06-Jul-18,5434.360
09-Jul-18,5483.890
10-Jul-18,5503.050
11-Jul-18,5464.010
12-Jul-18,5512.360
13-Jul-18,5518.330
16-Jul-18,5512.920
17-Jul-18,5534.910
18-Jul-18,5546.860
19-Jul-18,5525.510
20-Jul-18,5520.500
23-Jul-18,5530.660
24-Jul-18,5557.370
25-Jul-18,5607.990
26-Jul-18,5590.990
27-Jul-18,5554.310
30-Jul-18,5522.810
31-Jul-18,5549.960
01-Aug-18,5544.190
02-Aug-18,5572.080
03-Aug-18,5598.710
06-Aug-18,5619.050
07-Aug-18,5634.980
08-Aug-18,5633.670
09-Aug-18,5627.000
10-Aug-18,5588.660
13-Aug-18,5566.360
14-Aug-18,5602.410
15-Aug-18,5560.850
16-Aug-18,5606.560
17-Aug-18,5625.660
20-Aug-18,5639.530
21-Aug-18,5651.390
22-Aug-18,5649.310
23-Aug-18,5640.100
24-Aug-18,5675.120
27-Aug-18,5719.300
28-Aug-18,5720.890
29-Aug-18,5754.000
30-Aug-18,5729.450
31-Aug-18,5730.800
04-Sep-18,5721.860
05-Sep-18,5705.860
06-Sep-18,5686.700
07-Sep-18,5674.580
10-Sep-18,5685.340
11-Sep-18,5706.990
12-Sep-18,5709.080
13-Sep-18,5740.750
14-Sep-18,5743.190
17-Sep-18,5711.290
18-Sep-18,5742.180
19-Sep-18,5749.390
20-Sep-18,5794.720
21-Sep-18,5792.720
24-Sep-18,5772.360
25-Sep-18,5765.250
26-Sep-18,5746.270
27-Sep-18,5763.220
28-Sep-18,5763.420
01-Oct-18,5784.450
02-Oct-18,5782.370
03-Oct-18,5786.480
04-Oct-18,5740.560
05-Oct-18,5708.900
08-Oct-18,5706.660
09-Oct-18,5700.230
10-Oct-18,5512.940
11-Oct-18,5399.540
12-Oct-18,5476.830
15-Oct-18,5444.610
16-Oct-18,5561.800
17-Oct-18,5560.620
18-Oct-18,5481.130
19-Oct-18,5479.300
22-Oct-18,5455.880
23-Oct-18,5426.080
24-Oct-18,5258.610
25-Oct-18,5356.540
26-Oct-18,5263.740
29-Oct-18,5229.280
30-Oct-18,5311.670
31-Oct-18,5369.490
01-Nov-18,5426.330
02-Nov-18,5392.530
05-Nov-18,5422.880
06-Nov-18,5457.250
07-Nov-18,5573.060
08-Nov-18,5562.000
09-Nov-18,5511.790
12-Nov-18,5403.190
13-Nov-18,5395.370
14-Nov-18,5355.940
15-Nov-18,5414.430
16-Nov-18,5426.860
19-Nov-18,5336.700
20-Nov-18,5240.230
21-Nov-18,5256.610
23-Nov-18,5222.430
26-Nov-18,5304.170
27-Nov-18,5321.520
28-Nov-18,5444.120
29-Nov-18,5433.490
30-Nov-18,5478.910
03-Dec-18,5538.860
04-Dec-18,5359.910
06-Dec-18,5353.430
07-Dec-18,5229.440
10-Dec-18,5238.700
11-Dec-18,5237.100
12-Dec-18,5265.530
13-Dec-18,5265.460
14-Dec-18,5165.600
17-Dec-18,5058.580
18-Dec-18,5059.340
19-Dec-18,4981.920
20-Dec-18,4903.460
21-Dec-18,4802.510
24-Dec-18,4672.660
26-Dec-18,4904.490
27-Dec-18,4946.940
28-Dec-18,4941.610
31-Dec-18,4984.220
02-Jan-19,4990.560
03-Jan-19,4868.300
04-Jan-19,5035.450
07-Jan-19,5070.760
08-Jan-19,5120.040
09-Jan-19,5142.660
10-Jan-19,5165.890
11-Jan-19,5165.150
14-Jan-19,5138.580
15-Jan-19,5193.780
16-Jan-19,5205.450
17-Jan-19,5245.480
18-Jan-19,5314.780
22-Jan-19,5239.750
23-Jan-19,5251.290
24-Jan-19,5258.690
25-Jan-19,5303.510
28-Jan-19,5261.880
29-Jan-19,5254.310
30-Jan-19,5336.600
31-Jan-19,5383.630
01-Feb-19,5389.190
04-Feb-19,5425.800
05-Feb-19,5451.400
06-Feb-19,5439.800
07-Feb-19,5389.690
08-Feb-19,5395.120
11-Feb-19,5399.000
12-Feb-19,5468.980
13-Feb-19,5485.970
14-Feb-19,5473.330
15-Feb-19,5533.270
19-Feb-19,5541.980
20-Feb-19,5552.900
21-Feb-19,5533.800
22-Feb-19,5569.450
25-Feb-19,5577.090
26-Feb-19,5572.740
27-Feb-19,5570.570
28-Feb-19,5556.490
01-Mar-19,5595.110
04-Mar-19,5573.530
05-Mar-19,5567.400
06-Mar-19,5531.340
07-Mar-19,5487.560
08-Mar-19,5476.390
11-Mar-19,5556.770
12-Mar-19,5573.440
13-Mar-19,5612.560
14-Mar-19,5609.590
15-Mar-19,5637.770
18-Mar-19,5658.730
19-Mar-19,5658.150
20-Mar-19,5641.740
21-Mar-19,5703.280
22-Mar-19,5595.500
25-Mar-19,5591.230
26-Mar-19,5631.390
27-Mar-19,5605.320
28-Mar-19,5626.320
29-Mar-19,5664.460
01-Apr-19,5730.040
02-Apr-19,5730.350
03-Apr-19,5742.670
04-Apr-19,5755.960
05-Apr-19,5782.700
08-Apr-19,5788.860
09-Apr-19,5755.490
10-Apr-19,5775.990
11-Apr-19,5776.280
12-Apr-19,5815.040
15-Apr-19,5811.510
16-Apr-19,5814.460
17-Apr-19,5801.830
18-Apr-19,5811.130
22-Apr-19,5817.160
23-Apr-19,5868.880
24-Apr-19,5856.030
25-Apr-19,5853.870
26-Apr-19,5881.480
29-Apr-19,5888.050
30-Apr-19,5893.810
01-May-19,5849.650
02-May-19,5837.460
03-May-19,5894.300
06-May-19,5868.450
07-May-19,5771.590
08-May-19,5762.480
09-May-19,5747.080
10-May-19,5770.440
13-May-19,5631.410
14-May-19,5677.200
15-May-19,5711.490
16-May-19,5763.950
17-May-19,5730.890
20-May-19,5692.300
21-May-19,5740.810
22-May-19,5724.710
23-May-19,5657.100
24-May-19,5665.600
28-May-19,5618.180
29-May-19,5579.510
30-May-19,5591.970
31-May-19,5519.270
03-Jun-19,5504.050
04-Jun-19,5622.310
05-Jun-19,5668.890
06-Jun-19,5705.220
07-Jun-19,5765.660
10-Jun-19,5792.560
11-Jun-19,5790.830
12-Jun-19,5779.120
13-Jun-19,5804.530
14-Jun-19,5795.960
17-Jun-19,5801.400
18-Jun-19,5857.950
19-Jun-19,5875.450
20-Jun-19,5931.660
21-Jun-19,5924.540
24-Jun-19,5914.290
25-Jun-19,5858.130
26-Jun-19,5850.900
27-Jun-19,5874.150
28-Jun-19,5908.250
01-Jul-19,5953.630
02-Jul-19,5971.290
03-Jul-19,6018.540
05-Jul-19,6008.310
08-Jul-19,5979.340
09-Jul-19,5988.480
10-Jul-19,6015.560
11-Jul-19,6029.330
12-Jul-19,6057.770
15-Jul-19,6058.830
16-Jul-19,6038.400
17-Jul-19,5999.050
18-Jul-19,6021.150
19-Jul-19,5984.200
22-Jul-19,6001.280
23-Jul-19,6042.480
24-Jul-19,6071.050
25-Jul-19,6039.130
26-Jul-19,6083.820
29-Jul-19,6074.010
30-Jul-19,6058.960
31-Jul-19,5993.170
01-Aug-19,5939.830
02-Aug-19,5897.100
05-Aug-19,5721.800
06-Aug-19,5796.720
07-Aug-19,5801.320
08-Aug-19,5911.660
09-Aug-19,5873.470
12-Aug-19,5804.250
13-Aug-19,5890.160
14-Aug-19,5719.300
15-Aug-19,5734.490
16-Aug-19,5818.170
19-Aug-19,5888.930
20-Aug-19,5842.760
21-Aug-19,5891.190
22-Aug-19,5888.370
23-Aug-19,5735.630
26-Aug-19,5799.340
27-Aug-19,5780.790
28-Aug-19,5818.840
29-Aug-19,5893.650
30-Aug-19,5898.230
03-Sep-19,5857.950
04-Sep-19,5921.960
05-Sep-19,6000.380
06-Sep-19,6006.070
09-Sep-19,6005.990
10-Sep-19,6008.120
11-Sep-19,6051.870
12-Sep-19,6070.230
13-Sep-19,6067.500
16-Sep-19,6048.670
17-Sep-19,6064.310
18-Sep-19,6066.420
19-Sep-19,6066.900
20-Sep-19,6037.500
23-Sep-19,6036.900
24-Sep-19,5986.580
25-Sep-19,6023.460
26-Sep-19,6009.190
27-Sep-19,5978.110
30-Sep-19,6008.590
01-Oct-19,5935.200
02-Oct-19,5828.930
03-Oct-19,5876.860
04-Oct-19,5960.430
07-Oct-19,5933.760
08-Oct-19,5841.570
09-Oct-19,5896.600
10-Oct-19,5934.560
11-Oct-19,6000.040
14-Oct-19,5991.720
15-Oct-19,6051.390
16-Oct-19,6039.690
17-Oct-19,6056.840
18-Oct-19,6033.260
21-Oct-19,6074.900
22-Oct-19,6053.420
23-Oct-19,6070.870
24-Oct-19,6082.540
25-Oct-19,6107.420
28-Oct-19,6141.510
29-Oct-19,6136.470
30-Oct-19,6156.930
31-Oct-19,6138.730
01-Nov-19,6198.590
04-Nov-19,6221.630
05-Nov-19,6214.280
06-Nov-19,6219.100
07-Nov-19,6238.990
08-Nov-19,6256.110
11-Nov-19,6243.810
12-Nov-19,6253.910
13-Nov-19,6258.580
14-Nov-19,6265.420
15-Nov-19,6314.740
18-Nov-19,6318.020
19-Nov-19,6314.660
20-Nov-19,6292.170
21-Nov-19,6282.590
22-Nov-19,6296.340
25-Nov-19,6344.360
26-Nov-19,6358.460
27-Nov-19,6385.760
29-Nov-19,6361.560
02-Dec-19,6306.880
03-Dec-19,6265.220
04-Dec-19,6305.490
05-Dec-19,6316.690
06-Dec-19,6374.700
09-Dec-19,6355.070
10-Dec-19,6348.310
11-Dec-19,6366.840
12-Dec-19,6422.350
13-Dec-19,6423.930
16-Dec-19,6470.030
17-Dec-19,6472.240
18-Dec-19,6470.000
19-Dec-19,6499.260
20-Dec-19,6531.750
23-Dec-19,6537.400
24-Dec-19,6536.580
26-Dec-19,6570.710
27-Dec-19,6571.030
30-Dec-19,6533.910
31-Dec-19,6553.570
02-Jan-20,6609.290
03-Jan-20,6563.320
06-Jan-20,6586.540
07-Jan-20,6568.740
08-Jan-20,6601.150
09-Jan-20,6646.840
10-Jan-20,6627.870
13-Jan-20,6674.130
14-Jan-20,6664.660
15-Jan-20,6677.250
16-Jan-20,6733.350
17-Jan-20,6759.510
21-Jan-20,6741.710
22-Jan-20,6743.900
23-Jan-20,6752.090
24-Jan-20,6691.220
27-Jan-20,6585.950
28-Jan-20,6652.300
29-Jan-20,6646.690
30-Jan-20,6668.520
31-Jan-20,6551.000
03-Feb-20,6598.630
04-Feb-20,6697.490
05-Feb-20,6772.980
06-Feb-20,6796.640
07-Feb-20,6761.260
10-Feb-20,6811.830
11-Feb-20,6823.590
12-Feb-20,6867.920
13-Feb-20,6858.920
14-Feb-20,6872.680
18-Feb-20,6853.040
19-Feb-20,6886.470
20-Feb-20,6860.520
21-Feb-20,6788.600
24-Feb-20,6561.940
25-Feb-20,6363.370
26-Feb-20,6339.380
27-Feb-20,6060.670
28-Feb-20,6011.730
02-Mar-20,6288.640
03-Mar-20,6112.070
04-Mar-20,6370.350
05-Mar-20,6155.580
06-Mar-20,6050.800
09-Mar-20,5591.740
10-Mar-20,5868.110
11-Mar-20,5581.760
12-Mar-20,5051.970
13-Mar-20,5522.850
16-Mar-20,4861.220
17-Mar-20,5152.830
18-Mar-20,4885.760
19-Mar-20,4909.130
20-Mar-20,4697.090
23-Mar-20,4559.500
24-Mar-20,4987.800
25-Mar-20,5045.350
26-Mar-20,5360.490
27-Mar-20,5179.920
30-Mar-20,5354.390
31-Mar-20,5269.200
01-Apr-20,5036.640
02-Apr-20,5152.470
03-Apr-20,5075.160
06-Apr-20,5432.170
07-Apr-20,5423.520
08-Apr-20,5609.550
09-Apr-20,5691.540
13-Apr-20,5634.150
14-Apr-20,5807.100
15-Apr-20,5679.530
16-Apr-20,5712.600
17-Apr-20,5865.900
20-Apr-20,5761.000
21-Apr-20,5584.440
22-Apr-20,5712.650
23-Apr-20,5710.040
24-Apr-20,5789.650
27-Apr-20,5874.940
28-Apr-20,5844.180
29-Apr-20,5999.740
30-Apr-20,5944.680
01-May-20,5778.530
04-May-20,5803.120
05-May-20,5855.580
06-May-20,5815.170
07-May-20,5884.140
08-May-20,5984.550
11-May-20,5985.660
12-May-20,5863.680
13-May-20,5761.700
14-May-20,5829.330
15-May-20,5852.840
18-May-20,6037.900
19-May-20,5975.150
20-May-20,6075.760
21-May-20,6028.930
22-May-20,6044.160
26-May-20,6118.540
27-May-20,6209.380
28-May-20,6197.020
29-May-20,6227.810
01-Jun-20,6251.480
02-Jun-20,6303.000
03-Jun-20,6389.670
04-Jun-20,6369.540
05-Jun-20,6536.580
08-Jun-20,6615.400
09-Jun-20,6564.270
10-Jun-20,6529.420
11-Jun-20,6145.300
12-Jun-20,6227.420
15-Jun-20,6279.400
16-Jun-20,6398.580
17-Jun-20,6375.540
18-Jun-20,6379.560
19-Jun-20,6344.700
22-Jun-20,6385.910
23-Jun-20,6413.440
24-Jun-20,6247.660
25-Jun-20,6316.450
26-Jun-20,6163.500
29-Jun-20,6254.780
30-Jun-20,6351.670
01-Jul-20,6383.760
02-Jul-20,6414.160
06-Jul-20,6516.050
07-Jul-20,6445.590
08-Jul-20,6496.140
09-Jul-20,6461.310
10-Jul-20,6528.960
13-Jul-20,6467.840
14-Jul-20,6555.400
15-Jul-20,6615.070
16-Jul-20,6592.750
17-Jul-20,6611.860
20-Jul-20,6667.450
21-Jul-20,6678.740
22-Jul-20,6717.290
23-Jul-20,6635.040
24-Jul-20,6594.100
27-Jul-20,6642.890
28-Jul-20,6599.970
29-Jul-20,6682.010
30-Jul-20,6658.020
31-Jul-20,6709.810
03-Aug-20,6758.200
04-Aug-20,6782.600
05-Aug-20,6826.220
06-Aug-20,6870.860
07-Aug-20,6876.650
10-Aug-20,6895.590
11-Aug-20,6840.670
12-Aug-20,6937.440
13-Aug-20,6924.960
14-Aug-20,6924.280
17-Aug-20,6943.220
18-Aug-20,6960.300
19-Aug-20,6930.800
20-Aug-20,6952.920
21-Aug-20,6977.270
24-Aug-20,7048.170
25-Aug-20,7073.600
26-Aug-20,7145.770
27-Aug-20,7158.180
28-Aug-20,7207.100
31-Aug-20,7192.110
01-Sep-20,7246.370
02-Sep-20,7358.490
03-Sep-20,7101.380
04-Sep-20,7043.620
08-Sep-20,6848.420
09-Sep-20,6986.760
10-Sep-20,6864.230
11-Sep-20,6868.220
14-Sep-20,6957.910
15-Sep-20,6994.330
16-Sep-20,6962.290
17-Sep-20,6903.820
18-Sep-20,6826.720
21-Sep-20,6748.080
22-Sep-20,6819.080
23-Sep-20,6657.820
24-Sep-20,6678.040
25-Sep-20,6784.950
28-Sep-20,6894.270
29-Sep-20,6861.960
30-Sep-20,6918.830
01-Oct-20,6956.200
02-Oct-20,6889.650
05-Oct-20,7014.230
06-Oct-20,6916.400
07-Oct-20,7036.910
08-Oct-20,7095.400
09-Oct-20,7157.920
12-Oct-20,7275.430
13-Oct-20,7229.550
14-Oct-20,7182.380
15-Oct-20,7171.610
16-Oct-20,7172.700
19-Oct-20,7055.580
20-Oct-20,7089.060
21-Oct-20,7073.650
22-Oct-20,7111.170
23-Oct-20,7135.810
26-Oct-20,7003.210
27-Oct-20,6982.140
28-Oct-20,6735.750
29-Oct-20,6816.790
30-Oct-20,6734.840
02-Nov-20,6817.890
03-Nov-20,6939.300
04-Nov-20,7092.300
05-Nov-20,7231.670
06-Nov-20,7230.510
09-Nov-20,7315.770
10-Nov-20,7306.750
11-Nov-20,7362.650
12-Nov-20,7290.690
13-Nov-20,7390.610
16-Nov-20,7476.790
17-Nov-20,7442.040
18-Nov-20,7357.340
19-Nov-20,7386.860
20-Nov-20,7336.760
23-Nov-20,7378.940
24-Nov-20,7498.290
25-Nov-20,7486.680
27-Nov-20,7505.380
30-Nov-20,7472.060
01-Dec-20,7556.510
02-Dec-20,7570.760
03-Dec-20,7567.440
04-Dec-20,7634.770
07-Dec-20,7620.000
08-Dec-20,7641.430
09-Dec-20,7581.060
10-Dec-20,7571.870
11-Dec-20,7562.460
14-Dec-20,7530.870
15-Dec-20,7628.280
16-Dec-20,7641.820
17-Dec-20,7686.180
18-Dec-20,7659.750
21-Dec-20,7630.070
22-Dec-20,7614.830
23-Dec-20,7620.630
24-Dec-20,7648.390
28-Dec-20,7715.100
29-Dec-20,7697.930
30-Dec-20,7709.100
31-Dec-20,7759.350
04-Jan-21,7645.270
05-Jan-21,7700.340
06-Jan-21,7744.430
07-Jan-21,7861.100
08-Jan-21,7905.280
11-Jan-21,7853.450
12-Jan-21,7856.720
13-Jan-21,7874.750
14-Jan-21,7846.100
15-Jan-21,7789.790
19-Jan-21,7853.470
20-Jan-21,7962.920
21-Jan-21,7966.110
22-Jan-21,7942.200
25-Jan-21,7970.920
26-Jan-21,7959.100
27-Jan-21,7754.740
28-Jan-21,7831.220
29-Jan-21,7681.010
01-Feb-21,7804.310
02-Feb-21,7912.870
03-Feb-21,7920.850
04-Feb-21,8007.620
05-Feb-21,8039.670
08-Feb-21,8099.330
09-Feb-21,8091.700
10-Feb-21,8089.110
11-Feb-21,8104.190
12-Feb-21,8142.790
16-Feb-21,8139.160
17-Feb-21,8137.880
18-Feb-21,8102.240
19-Feb-21,8087.680
22-Feb-21,8025.810
23-Feb-21,8036.060
24-Feb-21,8127.380
25-Feb-21,7929.560
26-Feb-21,7892.810
01-Mar-21,8080.780
02-Mar-21,8015.540
03-Mar-21,7911.210
04-Mar-21,7806.450
05-Mar-21,7958.980
08-Mar-21,7916.410
09-Mar-21,8029.200
10-Mar-21,8078.050
11-Mar-21,8162.580
12-Mar-21,8172.900
15-Mar-21,8226.320
16-Mar-21,8213.630
17-Mar-21,8237.350
18-Mar-21,8116.170
19-Mar-21,8112.130
22-Mar-21,8169.140
23-Mar-21,8106.830
24-Mar-21,8063.000
25-Mar-21,8105.510
26-Mar-21,8240.380
29-Mar-21,8233.240
30-Mar-21,8208.100
31-Mar-21,8238.480
01-Apr-21,8335.910
05-Apr-21,8457.400
06-Apr-21,8449.540
07-Apr-21,8462.180
08-Apr-21,8499.850
09-Apr-21,8565.570
12-Apr-21,8564.030
13-Apr-21,8592.250
14-Apr-21,8558.160
15-Apr-21,8653.290
16-Apr-21,8684.510
19-Apr-21,8638.420
20-Apr-21,8579.950
21-Apr-21,8659.800
22-Apr-21,8580.730
23-Apr-21,8674.800
26-Apr-21,8690.260
27-Apr-21,8688.450
28-Apr-21,8681.170
29-Apr-21,8740.350
30-Apr-21,8678.160
03-May-21,8702.020
04-May-21,8643.910
05-May-21,8650.040
06-May-21,8722.040
07-May-21,8787.820
10-May-21,8696.290
11-May-21,8620.980
12-May-21,8437.240
13-May-21,8541.390
14-May-21,8669.490
17-May-21,8647.570
18-May-21,8574.980
19-May-21,8550.950
20-May-21,8641.980
21-May-21,8635.550
24-May-21,8722.000
25-May-21,8703.590
26-May-21,8720.040
27-May-21,8730.970
28-May-21,8738.770
01-Jun-21,8734.740
02-Jun-21,8748.300
03-Jun-21,8717.970
04-Jun-21,8795.080
07-Jun-21,8788.280
08-Jun-21,8790.000
09-Jun-21,8774.310
10-Jun-21,8815.560
11-Jun-21,8832.940
14-Jun-21,8851.170
15-Jun-21,8833.680
16-Jun-21,8786.180
17-Jun-21,8782.580
18-Jun-21,8667.760
21-Jun-21,8789.520
22-Jun-21,8834.560
23-Jun-21,8825.010
24-Jun-21,8877.060
25-Jun-21,8906.790
28-Jun-21,8927.400
29-Jun-21,8930.670
30-Jun-21,8942.780
01-Jul-21,8990.080
02-Jul-21,9058.660
06-Jul-21,9040.760
07-Jul-21,9071.140
08-Jul-21,8995.260
09-Jul-21,9096.840
12-Jul-21,9128.220
13-Jul-21,9096.150
14-Jul-21,9107.850
15-Jul-21,9078.330
16-Jul-21,9009.890
19-Jul-21,8867.070
20-Jul-21,9001.770
21-Jul-21,9075.970
22-Jul-21,9094.950
23-Jul-21,9187.640
26-Jul-21,9209.630
27-Jul-21,9166.270
28-Jul-21,9164.620
